country,continent,year,lifeExp,pop,logGdpPerCap
Afghanistan,Asia,1952,28.801,8425333,6.65858253145061
Afghanistan,Asia,1957,30.332,9240934,6.710344079542025
Afghanistan,Asia,1962,31.997,10267083,6.7488776061731235
Afghanistan,Asia,1967,34.02,11537966,6.7288643965296195
Afghanistan,Asia,1972,36.088,13079460,6.606624653169548
Afghanistan,Asia,1977,38.438,14880372,6.667101005948512
Afghanistan,Asia,1982,39.854,12881816,6.885521366080938
Afghanistan,Asia,1987,40.822,13867957,6.748051142822249
Afghanistan,Asia,1992,41.674,16317921,6.475958611063048
Afghanistan,Asia,1997,41.763,22227415,6.454162415088657
Afghanistan,Asia,2002,42.129,25268405,6.588560598778614
Afghanistan,Asia,2007,43.828,31889923,6.882006956185797
Albania,Europe,1952,55.23,1282697,7.3784187754675905
Albania,Europe,1957,59.28,1476505,7.571620004773058
Albania,Europe,1962,64.82,1728137,7.746252653296928
Albania,Europe,1967,66.22,1984060,7.923057307977371
Albania,Europe,1972,67.69,2263554,8.105736827926755
Albania,Europe,1977,68.93,2509048,8.169903754066713
Albania,Europe,1982,70.42,2780097,8.197230520971159
Albania,Europe,1987,72,3075321,8.226555484710984
Albania,Europe,1992,71.581,3326498,7.823020645749118
Albania,Europe,1997,72.95,3428038,8.068733293727343
Albania,Europe,2002,75.651,3508512,8.43472675857576
Albania,Europe,2007,76.423,3600523,8.688964207477106
Algeria,Africa,1952,43.077,9279525,7.803438399127065
Algeria,Africa,1957,45.685,10270856,8.011015423945773
Algeria,Africa,1962,48.303,11000948,7.844168931950976
Algeria,Africa,1967,51.407,12760499,8.085484237760244
Algeria,Africa,1972,54.518,14760787,8.338703587145247
Algeria,Africa,1977,58.014,17152804,8.499114096208949
Algeria,Africa,1982,61.368,20033753,8.656113077274341
Algeria,Africa,1987,65.799,23254956,8.644945662517772
Algeria,Africa,1992,67.744,26298373,8.521825773817342
Algeria,Africa,1997,69.152,29072015,8.47580750701102
Algeria,Africa,2002,70.994,31287142,8.573203018037916
Algeria,Africa,2007,72.301,33333216,8.736066432319678
Angola,Africa,1952,30.015,4232095,8.166389626576143
Angola,Africa,1957,31.999,4561361,8.250082199944066
Angola,Africa,1962,34,4826015,8.359199710611406
Angola,Africa,1967,35.985,5247469,8.616635979311402
Angola,Africa,1972,37.928,5894858,8.60763481263532
Angola,Africa,1977,39.483,6162675,8.009245873018866
Angola,Africa,1982,39.942,7016384,7.921881607110396
Angola,Africa,1987,39.906,7874230,7.7957322573518
Angola,Africa,1992,40.647,8735988,7.8739196583218405
Angola,Africa,1997,40.963,9875024,7.730675936789145
Angola,Africa,2002,41.003,10866106,7.927788650778689
Angola,Africa,2007,42.731,12420476,8.475794211096686
Argentina,Americas,1952,62.485,17876956,8.684623598845723
Argentina,Americas,1957,64.399,19610538,8.833004337544303
Argentina,Americas,1962,65.142,21283783,8.87251045734714
Argentina,Americas,1967,65.634,22934225,8.993794138051967
Argentina,Americas,1972,67.065,24779799,9.153033085102253
Argentina,Americas,1977,68.481,26983828,9.218211983392335
Argentina,Americas,1982,69.942,29341374,9.104746208135857
Argentina,Americas,1987,70.774,31620918,9.120379710738412
Argentina,Americas,1992,71.868,33958947,9.138674507295269
Argentina,Americas,1997,73.275,36203463,9.302671751374756
Argentina,Americas,2002,74.34,38331121,9.082238864066401
Argentina,Americas,2007,75.32,40301927,9.455588185282302
Australia,Oceania,1952,69.12,8691212,9.214292117534265
Australia,Oceania,1957,70.33,9712569,9.301062733819364
Australia,Oceania,1962,70.93,10794968,9.410602272438497
Australia,Oceania,1967,71.1,11872264,9.583704007294104
Australia,Oceania,1972,71.93,13177000,9.728457119580886
Australia,Oceania,1977,73.49,14074100,9.81652331134468
Australia,Oceania,1982,74.74,15184200,9.8769900376892
Australia,Oceania,1987,76.32,16257249,9.993734436830607
Australia,Oceania,1992,77.56,17481977,10.061549153161671
Australia,Oceania,1997,78.83,18565243,10.20351571873272
Australia,Oceania,2002,80.37,19546792,10.331618985276355
Australia,Oceania,2007,81.235,20434176,10.446839438460565
Austria,Europe,1952,66.8,6927772,8.722103766381814
Austria,Europe,1957,67.48,6965860,9.087336007249453
Austria,Europe,1962,69.54,7129864,9.282728111306046
Austria,Europe,1967,70.14,7376998,9.459900115030328
Austria,Europe,1972,70.63,7544201,9.720863485990712
Austria,Europe,1977,72.17,7568430,9.890879519268548
Austria,Europe,1982,73.18,7574613,9.980313566963968
Austria,Europe,1987,74.94,7578903,10.072716527218166
Austria,Europe,1992,76.04,7914969,10.205147182695773
Austria,Europe,1997,77.51,8069876,10.278353259827803
Austria,Europe,2002,78.98,8148312,10.38645700138868
Austria,Europe,2007,79.829,8199783,10.494781744976294
Bahrain,Asia,1952,50.939,120447,9.196959725577335
Bahrain,Asia,1957,53.832,138655,9.361841784162335
Bahrain,Asia,1962,56.923,171863,9.453543391325656
Bahrain,Asia,1967,59.923,202182,9.602698132895169
Bahrain,Asia,1972,63.3,230800,9.812942214272915
Bahrain,Asia,1977,65.593,297410,9.86993604096857
Bahrain,Asia,1982,69.052,377967,9.86324597860175
Bahrain,Asia,1987,70.75,454612,9.826823766455338
Bahrain,Asia,1992,72.601,529491,9.85406509493633
Bahrain,Asia,1997,73.925,598561,9.917982826105911
Bahrain,Asia,2002,74.795,656397,10.060643395334472
Bahrain,Asia,2007,75.635,708573,10.302131057660269
Bangladesh,Asia,1952,37.484,46886859,6.5283148299451605
Bangladesh,Asia,1957,39.348,51365468,6.494717758944778
Bangladesh,Asia,1962,41.216,56839289,6.531375395655606
Bangladesh,Asia,1967,43.453,62821884,6.580897198575116
Bangladesh,Asia,1972,45.252,70759295,6.446090586357295
Bangladesh,Asia,1977,46.923,80428306,6.492053805899945
Bangladesh,Asia,1982,50.009,93074406,6.517644486142878
Bangladesh,Asia,1987,52.819,103764241,6.622708934611989
Bangladesh,Asia,1992,56.018,113704579,6.730791540571114
Bangladesh,Asia,1997,59.412,123315288,6.880147708105913
Bangladesh,Asia,2002,62.013,135656790,7.035612228614056
Bangladesh,Asia,2007,64.062,150448339,7.237960628192509
Belgium,Europe,1952,68,8730405,9.029190743445964
Belgium,Europe,1957,69.24,8989111,9.18142230858665
Belgium,Europe,1962,70.25,9218400,9.304850846647033
Belgium,Europe,1967,70.94,9556500,9.484104121639621
Belgium,Europe,1972,71.44,9709100,9.72149455536055
Belgium,Europe,1977,72.8,9821800,9.858384243755154
Belgium,Europe,1982,73.93,9856303,9.951317536356102
Belgium,Europe,1987,75.35,9870200,10.022406080166313
Belgium,Europe,1992,76.46,10045622,10.149392904940367
Belgium,Europe,1997,77.53,10199787,10.224164143270645
Belgium,Europe,2002,78.32,10311970,10.325019027588773
Belgium,Europe,2007,79.441,10392226,10.425033658433435
Benin,Africa,1952,38.223,1738315,6.968617237337909
Benin,Africa,1957,40.358,1925173,6.866517656954901
Benin,Africa,1962,42.618,2151895,6.855934544575183
Benin,Africa,1967,44.885,2427334,6.942959678882372
Benin,Africa,1972,47.014,2761407,6.990069447088882
Benin,Africa,1977,49.19,3168267,6.936499430068043
Benin,Africa,1982,50.904,3641603,7.152971519052232
Benin,Africa,1987,52.337,4243788,7.111394662616664
Benin,Africa,1992,53.919,4981671,7.082722929468553
Benin,Africa,1997,54.777,6066080,7.117185464034122
Benin,Africa,2002,54.406,7026113,7.224664495042041
Benin,Africa,2007,56.728,8078314,7.27329026764787
Bolivia,Americas,1952,40.414,2883315,7.892573943822745
Bolivia,Americas,1957,41.89,3211738,7.662790436401128
Bolivia,Americas,1962,43.428,3593918,7.687526178318643
Bolivia,Americas,1967,45.032,4040665,7.858210135216749
Bolivia,Americas,1972,46.714,4565872,7.999789760902462
Bolivia,Americas,1977,50.023,5079716,8.174166916893737
Bolivia,Americas,1982,53.859,5642224,8.057222409064673
Bolivia,Americas,1987,57.251,6156369,7.920697650500901
Bolivia,Americas,1992,59.957,6893451,7.99351860346229
Bolivia,Americas,1997,62.05,7693188,8.109568710840593
Bolivia,Americas,2002,63.883,8445134,8.135423913422155
Bolivia,Americas,2007,65.554,9119152,8.248564991242306
Bosnia and Herzegovina,Europe,1952,53.82,2791000,6.880931922638724
Bosnia and Herzegovina,Europe,1957,58.45,3076000,7.210810459348687
Bosnia and Herzegovina,Europe,1962,61.93,3349000,7.444063649344297
Bosnia and Herzegovina,Europe,1967,64.79,3585000,7.683565925258006
Bosnia and Herzegovina,Europe,1972,67.45,3819000,7.958636255199423
Bosnia and Herzegovina,Europe,1977,69.86,4086000,8.168622832141459
Bosnia and Herzegovina,Europe,1982,70.69,4172693,8.325212290685116
Bosnia and Herzegovina,Europe,1987,71.14,4338977,8.369647427661596
Bosnia and Herzegovina,Europe,1992,72.178,4256013,7.842585662503011
Bosnia and Herzegovina,Europe,1997,73.244,3607000,8.46933733048957
Bosnia and Herzegovina,Europe,2002,74.09,4165416,8.702672297733029
Bosnia and Herzegovina,Europe,2007,74.852,4552198,8.915472382958686
Botswana,Africa,1952,47.622,442308,6.7466954500086835
Botswana,Africa,1957,49.618,474639,6.82245066453523
Botswana,Africa,1962,51.52,512764,6.891274185208894
Botswana,Africa,1967,53.298,553541,7.102260062948873
Botswana,Africa,1972,56.024,619351,7.724716655134386
Botswana,Africa,1977,59.319,781472,8.075538411121467
Botswana,Africa,1982,61.484,970347,8.423133502422273
Botswana,Africa,1987,63.622,1151184,8.73325312907424
Botswana,Africa,1992,62.745,1342614,8.981444262003048
Botswana,Africa,1997,52.556,1536536,9.064984176902943
Botswana,Africa,2002,46.634,1630347,9.305978232632727
Botswana,Africa,2007,50.728,1639131,9.439056509151994
Brazil,Americas,1952,50.917,56602560,7.653942795588259
Brazil,Americas,1957,53.285,65551171,7.81897959381266
Brazil,Americas,1962,55.665,76039390,8.112703348182645
Brazil,Americas,1967,57.632,88049823,8.14027599331388
Brazil,Americas,1972,59.504,100840058,8.51433139377688
Brazil,Americas,1977,61.489,114313951,8.803892579291649
Brazil,Americas,1982,63.336,128962939,8.858060879301203
Brazil,Americas,1987,65.205,142938076,8.962788319389409
Brazil,Americas,1992,67.057,155975974,8.846537660175745
Brazil,Americas,1997,69.388,168546719,8.981930581333305
Brazil,Americas,2002,71.006,179914212,9.003465372596262
Brazil,Americas,2007,72.39,190010647,9.11226446181318
Bulgaria,Europe,1952,59.6,7274900,7.801508599829684
Bulgaria,Europe,1957,66.61,7651254,8.009253641263683
Bulgaria,Europe,1962,69.51,8012946,8.35569440939104
Bulgaria,Europe,1967,70.42,8310226,8.626406778451468
Bulgaria,Europe,1972,70.9,8576200,8.794445219267608
Bulgaria,Europe,1977,70.81,8797022,8.937512814622393
Bulgaria,Europe,1982,71.08,8892098,9.014835290803777
Bulgaria,Europe,1987,71.34,8971958,9.01673800430171
Bulgaria,Europe,1992,71.19,8658506,8.748721244431566
Bulgaria,Europe,1997,70.32,8066057,8.694567323194475
Bulgaria,Europe,2002,72.14,7661799,8.948557042982998
Bulgaria,Europe,2007,73.005,7322858,9.27620234384137
Burkina Faso,Africa,1952,31.975,4469979,6.297579267134175
Burkina Faso,Africa,1957,34.906,4713416,6.4251663294625985
Burkina Faso,Africa,1962,37.814,4919632,6.582734057356836
Burkina Faso,Africa,1967,40.697,5127935,6.678123926953756
Burkina Faso,Africa,1972,43.591,5433886,6.750792621599208
Burkina Faso,Africa,1977,46.137,5889574,6.6112168199925225
Burkina Faso,Africa,1982,48.122,6634596,6.693569716684048
Burkina Faso,Africa,1987,49.557,7586551,6.815709221997922
Burkina Faso,Africa,1992,50.26,8878303,6.8370675145824675
Burkina Faso,Africa,1997,50.324,10352843,6.852554319395607
Burkina Faso,Africa,2002,50.65,12251209,6.944709214357873
Burkina Faso,Africa,2007,52.295,14326203,7.104171203548545
Burundi,Africa,1952,39.031,2445618,5.8268742346593845
Burundi,Africa,1957,40.533,2667518,5.939024880360337
Burundi,Africa,1962,42.045,2961915,5.872690096943856
Burundi,Africa,1967,43.548,3330989,6.023393144989665
Burundi,Africa,1972,44.057,3529983,6.140098977295902
Burundi,Africa,1977,45.91,3834415,6.320954005602284
Burundi,Africa,1982,47.471,4580410,6.327228016541635
Burundi,Africa,1987,48.211,5126023,6.432648762364485
Burundi,Africa,1992,44.736,5809236,6.44841440445838
Burundi,Africa,1997,45.326,6121610,6.137975722517728
Burundi,Africa,2002,47.36,7021078,6.101223279763741
Burundi,Africa,2007,49.58,8390505,6.063949594245329
Cambodia,Asia,1952,39.417,4693836,5.909357358359132
Cambodia,Asia,1957,41.366,5322536,6.073132862918194
Cambodia,Asia,1962,43.415,6083619,6.208416263717119
Cambodia,Asia,1967,45.415,6960067,6.260407727204409
Cambodia,Asia,1972,40.317,7450606,6.044113982557917
Cambodia,Asia,1977,31.22,6978607,6.263345276806949
Cambodia,Asia,1982,50.957,7272485,6.436912062821926
Cambodia,Asia,1987,53.914,8371791,6.52780523520695
Cambodia,Asia,1992,55.803,10150094,6.525474097921642
Cambodia,Asia,1997,56.534,11782962,6.598897468148486
Cambodia,Asia,2002,56.752,12926707,6.798192630384196
Cambodia,Asia,2007,59.723,14131858,7.446455969467286
Cameroon,Africa,1952,38.523,5009067,7.067036479437452
Cameroon,Africa,1957,40.428,5359923,7.18010650653358
Cameroon,Africa,1962,42.643,5793633,7.243947076998406
Cameroon,Africa,1967,44.799,6335506,7.318839999449235
Cameroon,Africa,1972,47.049,7021028,7.429014202893443
Cameroon,Africa,1977,49.355,7959865,7.486295366299766
Cameroon,Africa,1982,52.961,9250831,7.769793936012759
Cameroon,Africa,1987,54.985,10780667,7.864290893983798
Cameroon,Africa,1992,54.314,12467171,7.491736533597361
Cameroon,Africa,1997,52.199,14195809,7.435047069657183
Cameroon,Africa,2002,49.856,15929988,7.56735159585094
Cameroon,Africa,2007,50.43,17696293,7.621731638185456
Canada,Americas,1952,68.75,14785584,9.3384838739506435
Canada,Americas,1957,69.96,17010154,9.432679604712911
Canada,Americas,1962,71.3,18985849,9.507662248112165
Canada,Americas,1967,72.13,20819767,9.685119333029016
Canada,Americas,1972,72.88,22284500,9.850644155254352
Canada,Americas,1977,74.21,23796400,10.002920271169712
Canada,Americas,1982,75.76,25201900,10.0388394431731
Canada,Americas,1987,76.86,26549700,10.18966280392805
Canada,Americas,1992,77.95,28523502,10.178953470441412
Canada,Americas,1997,78.61,30305843,10.273495620167752
Canada,Americas,2002,79.77,31902268,10.414182119814592
Canada,Americas,2007,80.653,33390141,10.500102769993411
Central African Republic,Africa,1952,35.463,1291695,6.976638143218513
Central African Republic,Africa,1957,37.464,1392284,7.082417853843466
Central African Republic,Africa,1962,39.475,1523478,7.084284050781023
Central African Republic,Africa,1967,41.478,1733638,7.035318435187155
Central African Republic,Africa,1972,43.457,1927260,6.975426333921048
Central African Republic,Africa,1977,46.775,2167533,7.011551475931208
Central African Republic,Africa,1982,48.295,2476971,6.863545250195883
Central African Republic,Africa,1987,50.485,2840009,6.739190285762191
Central African Republic,Africa,1992,49.396,3265124,6.6172766667889995
Central African Republic,Africa,1997,46.066,3696513,6.607334184245234
Central African Republic,Africa,2002,43.308,4048013,6.604879168601673
Central African Republic,Africa,2007,44.741,4369038,6.559638660731664
Chad,Africa,1952,38.092,2682462,7.072138507543978
Chad,Africa,1957,39.881,2894855,7.176633341758144
Chad,Africa,1962,41.716,3150417,7.236927807444
Chad,Africa,1967,43.601,3495967,7.087415434888468
Chad,Africa,1972,45.569,3899068,7.0067894135245234
Chad,Africa,1977,47.383,4388260,7.03349321259469
Chad,Africa,1982,49.517,4875118,6.68199342866275
Chad,Africa,1987,51.051,5498955,6.858970550247933
Chad,Africa,1992,51.724,6429417,6.964196385618775
Chad,Africa,1997,51.573,7562011,6.912704365027406
Chad,Africa,2002,50.525,8835739,7.052878355198191
Chad,Africa,2007,50.651,10238807,7.440771103403637
Chile,Americas,1952,54.745,6377619,8.27893061877495
Chile,Americas,1957,56.074,7048426,8.36999690897985
Chile,Americas,1962,57.924,7961258,8.41606688350189
Chile,Americas,1967,60.523,8858908,8.53829973549822
Chile,Americas,1972,63.441,9717524,8.611416314588539
Chile,Americas,1977,67.052,10599793,8.467322849624956
Chile,Americas,1982,70.565,11487112,8.536145602086554
Chile,Americas,1987,72.492,12463354,8.621024013409052
Chile,Americas,1992,74.126,13572994,8.935393654733069
Chile,Americas,1997,75.816,14599929,9.222076550817512
Chile,Americas,2002,77.86,15497046,9.285335022699966
Chile,Americas,2007,78.553,16284741,9.48582122511248
China,Asia,1952,44,556263527,5.992585446165848
China,Asia,1957,50.54896,637408000,6.356085092559288
China,Asia,1962,44.50136,665770000,6.189647187358004
China,Asia,1967,58.38112,754550000,6.4178847120011495
China,Asia,1972,63.11888,862030000,6.517523687576009
China,Asia,1977,63.96736,943455000,6.60832104615557
China,Asia,1982,65.525,1000281000,6.869452380228331
China,Asia,1987,67.274,1084035000,7.229044272760341
China,Asia,1992,68.69,1164970000,7.41202998707831
China,Asia,1997,70.426,1230075000,7.735972602183335
China,Asia,2002,72.028,1280400000,8.045357772187176
China,Asia,2007,72.961,1318683096,8.508982546938816
Colombia,Americas,1952,50.643,12350771,7.6704822035856415
Colombia,Americas,1957,55.118,14485993,7.750961457415556
Colombia,Americas,1962,57.863,17009885,7.82098176444493
Colombia,Americas,1967,59.963,19764027,7.893098020487883
Colombia,Americas,1972,61.623,22542890,8.090910914084231
Colombia,Americas,1977,63.837,25094412,8.246907682768153
Colombia,Americas,1982,66.653,27764644,8.388808681466552
Colombia,Americas,1987,67.768,30964245,8.497647227579174
Colombia,Americas,1992,68.421,34202721,8.60238850013503
Colombia,Americas,1997,70.313,37657830,8.718886195306647
Colombia,Americas,2002,71.682,41008227,8.657869491638822
Colombia,Americas,2007,72.889,44227550,8.854605046315045
Comoros,Africa,1952,40.715,153936,7.005780801631342
Comoros,Africa,1957,42.46,170928,7.099324401595935
Comoros,Africa,1962,44.467,191689,7.2489650457646535
Comoros,Africa,1967,46.472,217378,7.536912930614041
Comoros,Africa,1972,48.944,250027,7.569193850746487
Comoros,Africa,1977,50.939,304739,7.066981383025801
Comoros,Africa,1982,52.933,348643,7.144486169308767
Comoros,Africa,1987,54.926,395114,7.182337531231853
Comoros,Africa,1992,57.939,454429,7.128421660643506
Comoros,Africa,1997,60.66,527982,7.067846764369959
Comoros,Africa,2002,62.974,614382,6.980830593414075
Comoros,Africa,2007,65.152,710960,6.8938063222615895
"Congo, Dem. Rep.",Africa,1952,39.143,14100005,6.659988967440948
"Congo, Dem. Rep.",Africa,1957,40.652,15577932,6.808885022949902
"Congo, Dem. Rep.",Africa,1962,42.122,17486434,6.798291504794806
"Congo, Dem. Rep.",Africa,1967,44.056,19941073,6.758783282728785
"Congo, Dem. Rep.",Africa,1972,45.989,23007669,6.80782009566868
"Congo, Dem. Rep.",Africa,1977,47.804,26480870,6.679294217235631
"Congo, Dem. Rep.",Africa,1982,47.784,30646495,6.512855883776405
"Congo, Dem. Rep.",Africa,1987,47.412,35481645,6.5114106703836185
"Congo, Dem. Rep.",Africa,1992,45.548,41672143,6.126255853488985
"Congo, Dem. Rep.",Africa,1997,42.587,47798986,5.743606925395059
"Congo, Dem. Rep.",Africa,2002,44.966,55379852,5.48548498096406
"Congo, Dem. Rep.",Africa,2007,46.462,64606759,5.626007793925132
"Congo, Rep.",Africa,1952,42.111,854885,7.661819470608614
"Congo, Rep.",Africa,1957,45.053,940458,7.74718940337078
"Congo, Rep.",Africa,1962,48.435,1047924,7.8098591138446345
"Congo, Rep.",Africa,1967,52.04,1179760,7.8928029875355845
"Congo, Rep.",Africa,1972,54.907,1340458,8.075007878372732
"Congo, Rep.",Africa,1977,55.625,1536769,8.089230595402649
"Congo, Rep.",Africa,1982,56.695,1774735,8.492799576131716
"Congo, Rep.",Africa,1987,57.47,2064095,8.343124272616027
"Congo, Rep.",Africa,1992,56.433,2409073,8.29810130326825
"Congo, Rep.",Africa,1997,52.962,2800947,8.155983517112023
"Congo, Rep.",Africa,2002,52.97,3328795,8.155954124840612
"Congo, Rep.",Africa,2007,55.322,3800610,8.19769230667367
Costa Rica,Americas,1952,57.206,926317,7.873601394932181
Costa Rica,Americas,1957,60.026,1112300,8.003032279087236
Costa Rica,Americas,1962,62.842,1345187,8.149294647861597
Costa Rica,Americas,1967,65.424,1588717,8.33368561173511
Costa Rica,Americas,1972,67.849,1834796,8.540547726545977
Costa Rica,Americas,1977,70.75,2108457,8.687252703516034
Costa Rica,Americas,1982,73.45,2424367,8.568406085261751
Costa Rica,Americas,1987,74.752,2799811,8.6358496798128
Costa Rica,Americas,1992,75.713,3173216,8.725899638172447
Costa Rica,Americas,1997,77.26,3518107,8.806430850415639
Costa Rica,Americas,2002,78.123,3834934,8.95201607120467
Costa Rica,Americas,2007,78.782,4133884,9.17420129338591
Cote d'Ivoire,Africa,1952,40.477,2977019,7.236047530562877
Cote d'Ivoire,Africa,1957,42.469,3300000,7.313817492120939
Cote d'Ivoire,Africa,1962,44.93,3832408,7.45522296403461
Cote d'Ivoire,Africa,1967,47.35,4744870,7.626594802966717
Cote d'Ivoire,Africa,1972,49.801,6071696,7.774099645163406
Cote d'Ivoire,Africa,1977,52.374,7459574,7.831115581251145
Cote d'Ivoire,Africa,1982,53.983,9025951,7.864308553808698
Cote d'Ivoire,Africa,1987,54.655,10761098,7.676453279468725
Cote d'Ivoire,Africa,1992,52.044,12772596,7.407362485559231
Cote d'Ivoire,Africa,1997,47.991,14625967,7.48788235453928
Cote d'Ivoire,Africa,2002,46.832,16252726,7.4078035287270225
Cote d'Ivoire,Africa,2007,48.328,18013409,7.342617436444727
Croatia,Europe,1952,61.21,3882229,8.045343545730137
Croatia,Europe,1957,64.77,3991242,8.375222082538711
Croatia,Europe,1962,67.13,4076557,8.608475272586062
Croatia,Europe,1967,68.5,4174366,8.847977548533427
Croatia,Europe,1972,69.61,4225310,9.12304787842245
Croatia,Europe,1977,70.64,4318673,9.333034454896824
Croatia,Europe,1982,70.46,4413368,9.489623913290565
Croatia,Europe,1987,71.52,4484310,9.534059050901192
Croatia,Europe,1992,72.527,4494013,9.041660724519623
Croatia,Europe,1997,73.68,4444595,9.197822804604517
Croatia,Europe,2002,74.876,4481020,9.361204710551752
Croatia,Europe,2007,75.748,4493312,9.590092566363756
Cuba,Americas,1952,59.421,6007797,8.628115193697838
Cuba,Americas,1957,62.325,6640752,8.714760334583811
Cuba,Americas,1962,65.246,7254373,8.55270625317842
Cuba,Americas,1967,68.29,8139332,8.646512628823025
Cuba,Americas,1972,70.723,8831348,8.576488978911527
Cuba,Americas,1977,72.649,9537988,8.761000954207338
Cuba,Americas,1982,73.717,9789224,8.897944494666142
Cuba,Americas,1987,74.174,10239839,8.927038660121497
Cuba,Americas,1992,74.414,10723260,8.629243195809135
Cuba,Americas,1997,76.151,10983007,8.60006090469353
Cuba,Americas,2002,77.158,11226999,8.754736042702763
Cuba,Americas,2007,78.273,11416987,9.099196824890761
Czech Republic,Europe,1952,66.87,9125183,8.835812763327882
Czech Republic,Europe,1957,69.03,9513758,9.018737143588222
Czech Republic,Europe,1962,69.9,9620282,9.223934267868263
Czech Republic,Europe,1967,70.38,9835109,9.341319939337353
Czech Republic,Europe,1972,70.29,9862158,9.481012614041456
Czech Republic,Europe,1977,70.71,10161915,9.60239331239602
Czech Republic,Europe,1982,70.96,10303704,9.640643028512477
Czech Republic,Europe,1987,71.58,10311597,9.699560881021132
Czech Republic,Europe,1992,72.4,10315702,9.567806488255522
Czech Republic,Europe,1997,74.01,10300707,9.683371553556718
Czech Republic,Europe,2002,75.51,10256295,9.775438829430662
Czech Republic,Europe,2007,76.486,10228744,10.035975648428332
Denmark,Europe,1952,70.78,4334000,9.17909582990832
Denmark,Europe,1957,71.81,4487831,9.314669697640314
Denmark,Europe,1962,72.35,4646899,9.516597370613331
Denmark,Europe,1967,72.96,4838800,9.676411982834672
Denmark,Europe,1972,73.47,4991596,9.845127622399774
Denmark,Europe,1977,74.69,5088419,9.924412172711843
Denmark,Europe,1982,74.63,5117810,9.984516257646696
Denmark,Europe,1987,74.8,5127024,10.13126737212987
Denmark,Europe,1992,75.33,5171393,10.18137455390007
Denmark,Europe,1997,76.11,5283663,10.302409489713996
Denmark,Europe,2002,77.18,5374693,10.378680819163689
Denmark,Europe,2007,78.332,5468120,10.471026688821484
Djibouti,Africa,1952,34.812,63149,7.889657509272804
Djibouti,Africa,1957,37.328,71851,7.96031283537331
Djibouti,Africa,1962,39.693,89898,8.013339627259205
Djibouti,Africa,1967,42.074,127617,8.013028836387974
Djibouti,Africa,1972,44.366,178848,8.214522644759358
Djibouti,Africa,1977,46.519,228694,8.033256472964537
Djibouti,Africa,1982,48.812,305991,7.965360857112705
Djibouti,Africa,1987,50.04,311025,7.965581186384721
Djibouti,Africa,1992,51.604,384156,7.773660174919537
Djibouti,Africa,1997,53.157,417908,7.546983080009345
Djibouti,Africa,2002,53.373,447416,7.55394756540886
Djibouti,Africa,2007,54.791,496374,7.641315522621272
Dominican Republic,Americas,1952,45.928,2491346,7.24259556827282
Dominican Republic,Americas,1957,49.828,2923186,7.34239270365264
Dominican Republic,Americas,1962,53.459,3453434,7.415859618811405
Dominican Republic,Americas,1967,56.751,4049146,7.410784390579362
Dominican Republic,Americas,1972,59.631,4671329,7.6915995147757785
Dominican Republic,Americas,1977,61.788,5302800,7.894313925130598
Dominican Republic,Americas,1982,63.727,5968349,7.958958784035217
Dominican Republic,Americas,1987,66.046,6655297,7.972411592079819
Dominican Republic,Americas,1992,68.457,7351181,8.020998089041683
Dominican Republic,Americas,1997,69.957,7992357,8.19259849649272
Dominican Republic,Americas,2002,70.847,8650322,8.425912675479731
Dominican Republic,Americas,2007,72.235,9319622,8.703734955926622
Ecuador,Americas,1952,48.357,3548753,8.16681572439397
Ecuador,Americas,1957,51.356,4058385,8.237623894824319
Ecuador,Americas,1962,54.64,4681707,8.315349694224249
Ecuador,Americas,1967,56.678,5432424,8.42925212021302
Ecuador,Americas,1972,58.796,6298651,8.57186975100221
Ecuador,Americas,1977,61.31,7278866,8.80681686673666
Ecuador,Americas,1982,64.342,8365850,8.883749926611829
Ecuador,Americas,1987,67.231,9545158,8.776749979067699
Ecuador,Americas,1992,69.613,10748394,8.868371419353098
Ecuador,Americas,1997,72.312,11911819,8.913207901786514
Ecuador,Americas,2002,74.173,12921234,8.660954865407097
Ecuador,Americas,2007,74.994,13755680,8.835394138005636
Egypt,Africa,1952,41.893,22223309,7.257582542481131
Egypt,Africa,1957,44.444,25009741,7.285448474184002
Egypt,Africa,1962,46.992,28173309,7.434455739895437
Egypt,Africa,1967,49.293,31681188,7.503775029939101
Egypt,Africa,1972,51.137,34807417,7.612835055596883
Egypt,Africa,1977,53.319,38783863,7.932180365383544
Egypt,Africa,1982,56.006,45681811,8.1615832904036
Egypt,Africa,1987,59.797,52799062,8.264996842643468
Egypt,Africa,1992,63.674,59402198,8.241375180502672
Egypt,Africa,1997,67.217,66134291,8.33643404470373
Egypt,Africa,2002,69.806,73312559,8.466868777827852
Egypt,Africa,2007,71.338,80264543,8.627155681368093
El Salvador,Americas,1952,45.262,2042865,8.022340288509426
El Salvador,Americas,1957,48.57,2355805,8.13784111628214
El Salvador,Americas,1962,52.307,2747687,8.23663332956841
El Salvador,Americas,1967,55.855,3232927,8.379905126870375
El Salvador,Americas,1972,58.207,3790903,8.416321697893878
El Salvador,Americas,1977,56.696,4282586,8.544598681604745
El Salvador,Americas,1982,56.604,4474873,8.318338311362988
El Salvador,Americas,1987,63.154,4842194,8.328557847833041
El Salvador,Americas,1992,66.798,5274649,8.399362287114169
El Salvador,Americas,1997,69.535,5783439,8.547688544471686
El Salvador,Americas,2002,70.734,6353681,8.585145005510944
El Salvador,Americas,2007,71.878,6939688,8.653183423565686
Equatorial Guinea,Africa,1952,34.482,216964,5.928639551979159
Equatorial Guinea,Africa,1957,35.983,232922,6.0546656307590005
Equatorial Guinea,Africa,1962,37.485,249220,6.367916088543337
Equatorial Guinea,Africa,1967,38.987,259864,6.819575222079366
Equatorial Guinea,Africa,1972,40.516,277603,6.510871630249935
Equatorial Guinea,Africa,1977,42.024,192675,6.865439265220727
Equatorial Guinea,Africa,1982,43.662,285483,6.832843506775383
Equatorial Guinea,Africa,1987,45.664,341244,6.874091783348178
Equatorial Guinea,Africa,1992,47.545,387838,7.031789874189153
Equatorial Guinea,Africa,1997,48.245,439971,7.942533067076475
Equatorial Guinea,Africa,2002,49.348,495627,8.949429517796077
Equatorial Guinea,Africa,2007,51.579,551201,9.405420997068234
Eritrea,Africa,1952,35.928,1438760,5.795877056933626
Eritrea,Africa,1957,38.047,1542611,5.841112145223142
Eritrea,Africa,1962,40.158,1666618,5.942788465093433
Eritrea,Africa,1967,42.189,1820319,6.150165508469744
Eritrea,Africa,1972,44.142,2260187,6.242853821865599
Eritrea,Africa,1977,44.535,2512642,6.2260500048381
Eritrea,Africa,1982,43.89,2637297,6.263161757102596
Eritrea,Africa,1987,46.453,2915959,6.2560074621687525
Eritrea,Africa,1992,49.991,3668440,6.367944464271515
Eritrea,Africa,1997,53.378,4058319,6.817251399390018
Eritrea,Africa,2002,55.24,4414865,6.640333247497604
Eritrea,Africa,2007,58.04,4906585,6.463605770695175
Ethiopia,Africa,1952,34.078,20860941,5.892048217497306
Ethiopia,Africa,1957,36.667,22815614,5.9372833055598635
Ethiopia,Africa,1962,40.059,25145372,6.038959625634964
Ethiopia,Africa,1967,42.115,27860297,6.246336668896708
Ethiopia,Africa,1972,43.515,30770372,6.33902498217052
Ethiopia,Africa,1977,44.51,34617799,6.322221165300542
Ethiopia,Africa,1982,44.916,38111756,6.359332917673699
Ethiopia,Africa,1987,46.684,42999530,6.352178622610927
Ethiopia,Africa,1992,48.091,52088559,6.043472066463646
Ethiopia,Africa,1997,49.402,59861301,6.245892403941878
Ethiopia,Africa,2002,50.725,67946797,6.272978005030555
Ethiopia,Africa,2007,52.947,76511887,6.537858417895999
Finland,Europe,1952,66.55,4090500,8.767877054199166
Finland,Europe,1957,67.49,4324000,8.928695424159669
Finland,Europe,1962,68.75,4491443,9.145465000617612
Finland,Europe,1967,69.83,4605744,9.298501078733246
Finland,Europe,1972,70.87,4639657,9.57212355959389
Finland,Europe,1977,72.52,4738902,9.655373750140422
Finland,Europe,1982,74.55,4826933,9.827316710050795
Finland,Europe,1987,74.83,4931729,9.958970140491724
Finland,Europe,1992,75.7,5041039,9.935333300344379
Finland,Europe,1997,77.13,5134406,10.074240373816302
Finland,Europe,2002,78.37,5193039,10.247240029848188
Finland,Europe,2007,79.313,5238460,10.410518517683292
France,Europe,1952,67.41,42459667,8.85791486167728
France,Europe,1957,68.93,44310863,9.066797303414635
France,Europe,1962,70.51,47124000,9.264874534422983
France,Europe,1967,71.55,49569000,9.472698302577461
France,Europe,1972,72.38,51732000,9.68702114129836
France,Europe,1977,73.83,53165019,9.814253806458106
France,Europe,1982,74.89,54433565,9.91807550210132
France,Europe,1987,76.34,55630100,10.001813278280753
France,Europe,1992,77.46,57374179,10.114712201090327
France,Europe,1997,78.64,58623428,10.161603763325196
France,Europe,2002,79.59,59925035,10.272497241658359
France,Europe,2007,80.657,61083916,10.324498420059683
Gabon,Africa,1952,37.003,420702,8.364852050884766
Gabon,Africa,1957,38.999,434904,8.512421444518866
Gabon,Africa,1962,40.489,455661,8.799580152778805
Gabon,Africa,1967,44.598,489004,9.03106560743326
Gabon,Africa,1972,48.69,537977,9.341539532936492
Gabon,Africa,1977,52.79,706367,9.987165488446005
Gabon,Africa,1982,56.564,753874,9.6233345282015
Gabon,Africa,1987,60.19,880397,9.38129831006267
Gabon,Africa,1992,61.366,985739,9.512084916747098
Gabon,Africa,1997,60.461,1126189,9.597155436148702
Gabon,Africa,2002,56.761,1299304,9.435219529853573
Gabon,Africa,2007,56.735,1454867,9.48846323946509
Gambia,Africa,1952,30,284320,6.184624363655609
Gambia,Africa,1957,32.065,323150,6.255609362184756
Gambia,Africa,1962,33.896,374020,6.396346611946114
Gambia,Africa,1967,35.857,439593,6.5995750983073735
Gambia,Africa,1972,38.308,517101,6.628156232413991
Gambia,Africa,1977,41.842,608274,6.7853110538787735
Gambia,Africa,1982,45.58,715523,6.728400848870891
Gambia,Africa,1987,49.265,848406,6.416174710594722
Gambia,Africa,1992,52.644,1025384,6.500725566418527
Gambia,Africa,1997,55.861,1235767,6.482694682834976
Gambia,Africa,2002,58.041,1457766,6.493126713899836
Gambia,Africa,2007,59.448,1688359,6.623732804027337
Germany,Europe,1952,67.5,69145952,8.874044134886145
Germany,Europe,1957,69.1,71019069,9.228948820838767
Germany,Europe,1962,70.3,73739117,9.465173495382052
Germany,Europe,1967,70.8,76368453,9.598701748969178
Germany,Europe,1972,71,78717088,9.79902553699504
Germany,Europe,1977,72.5,78160773,9.928810270470864
Germany,Europe,1982,73.8,78335266,10.000230012500982
Germany,Europe,1987,74.847,77718298,10.112093367588322
Germany,Europe,1992,76.07,80597764,10.185100111575695
Germany,Europe,1997,77.34,82011073,10.232391369357545
Germany,Europe,2002,78.67,82350671,10.310145348442681
Germany,Europe,2007,79.406,82400996,10.37880125895925
Ghana,Africa,1952,43.149,5581001,6.814870985145645
Ghana,Africa,1957,44.779,6391288,6.950394696508247
Ghana,Africa,1962,46.452,7355248,7.081743138449813
Ghana,Africa,1967,48.072,8490213,7.02615782048292
Ghana,Africa,1972,49.875,9354120,7.071763251105474
Ghana,Africa,1977,51.756,10538093,6.900956174466742
Ghana,Africa,1982,53.744,11400338,6.775403269469005
Ghana,Africa,1987,55.729,14168101,6.7417079124536325
Ghana,Africa,1992,57.501,16278738,6.82985876674933
Ghana,Africa,1997,58.556,18418288,6.912987379640876
Ghana,Africa,2002,58.453,20550751,7.013901606009321
Ghana,Africa,2007,60.022,22873338,7.191134791182141
Greece,Europe,1952,65.86,7733250,8.169248617224632
Greece,Europe,1957,67.86,8096218,8.500311471469766
Greece,Europe,1962,69.51,8448233,8.702375773737394
Greece,Europe,1967,71,8716441,9.04936108203667
Greece,Europe,1972,72.34,8888628,9.451310448008796
Greece,Europe,1977,73.68,9308479,9.56068200235676
Greece,Europe,1982,75.24,9786480,9.633541980291556
Greece,Europe,1987,76.67,9974490,9.687848794059395
Greece,Europe,1992,77.03,10325429,9.772324572435704
Greece,Europe,1997,77.869,10502372,9.838826257995544
Greece,Europe,2002,78.256,10603863,10.021903934253213
Greece,Europe,2007,79.483,10706290,10.223337104679452
Guatemala,Americas,1952,42.023,3146381,7.79492107530898
Guatemala,Americas,1957,44.142,3640876,7.869843498385153
Guatemala,Americas,1962,46.954,4208858,7.9194887076980285
Guatemala,Americas,1967,50.016,4690773,8.08410952200414
Guatemala,Americas,1972,53.738,5149581,8.301871040796645
Guatemala,Americas,1977,56.029,5703430,8.492899012780514
Guatemala,Americas,1982,58.137,6395630,8.480631855303104
Guatemala,Americas,1987,60.782,7326406,8.353847090259235
Guatemala,Americas,1992,63.373,8486949,8.398285963092004
Guatemala,Americas,1997,66.322,9803875,8.451974717990161
Guatemala,Americas,2002,68.978,11178650,8.488453637469147
Guatemala,Americas,2007,70.259,12572928,8.553727607972682
Guinea,Africa,1952,33.609,2664249,6.234795930537076
Guinea,Africa,1957,34.558,2876726,6.356571137475322
Guinea,Africa,1962,35.753,3140003,6.531422193562933
Guinea,Africa,1967,37.197,3451418,6.563516316538657
Guinea,Africa,1972,38.842,3811387,6.608899318111834
Guinea,Africa,1977,40.762,4227026,6.773864809668725
Guinea,Africa,1982,42.891,4710497,6.753730008607452
Guinea,Africa,1987,45.552,5650262,6.691553169767877
Guinea,Africa,1992,48.576,6990574,6.677522204280044
Guinea,Africa,1997,51.455,8048834,6.767860559612504
Guinea,Africa,2002,53.676,8807818,6.851802285777785
Guinea,Africa,2007,56.007,9947814,6.848699525142248
Guinea-Bissau,Africa,1952,32.5,580653,5.703283413479219
Guinea-Bissau,Africa,1957,33.489,601095,6.067940416400617
Guinea-Bissau,Africa,1962,34.488,627820,6.257733433415924
Guinea-Bissau,Africa,1967,35.492,601287,6.5730942973278506
Guinea-Bissau,Africa,1972,36.486,625361,6.709578190075088
Guinea-Bissau,Africa,1977,37.465,745228,6.639517551088849
Guinea-Bissau,Africa,1982,39.327,825987,6.731166021641448
Guinea-Bissau,Africa,1987,41.245,927524,6.601794350960146
Guinea-Bissau,Africa,1992,43.266,1050938,6.614108614464839
Guinea-Bissau,Africa,1997,44.873,1193708,6.680433596546526
Guinea-Bissau,Africa,2002,45.504,1332459,6.355594886193959
Guinea-Bissau,Africa,2007,46.388,1472041,6.3617026444730875
Haiti,Americas,1952,37.579,3201488,7.5177202540904
Haiti,Americas,1957,40.696,3507701,7.454076155367556
Haiti,Americas,1962,43.59,3880130,7.493645163911727
Haiti,Americas,1967,46.243,4318137,7.28073690947216
Haiti,Americas,1972,48.042,4698301,7.411228104659828
Haiti,Americas,1977,49.923,4908554,7.535989965018514
Haiti,Americas,1982,51.461,5198399,7.606466724765777
Haiti,Americas,1987,53.636,5756203,7.5082475486390745
Haiti,Americas,1992,55.089,6326682,7.2836607865217715
Haiti,Americas,1997,56.671,6913545,7.2017128176913205
Haiti,Americas,2002,58.137,7607651,7.147059486207595
Haiti,Americas,2007,60.916,8502814,7.091440200971258
Honduras,Americas,1952,41.912,1517453,7.693903704898547
Honduras,Americas,1957,44.665,1770390,7.705482127317536
Honduras,Americas,1962,48.041,2090162,7.736812137116096
Honduras,Americas,1967,50.924,2500689,7.839237772666581
Honduras,Americas,1972,53.884,2965146,7.8359122655507045
Honduras,Americas,1977,57.402,3055235,8.071908107224624
Honduras,Americas,1982,60.909,3669448,8.04615247866526
Honduras,Americas,1987,64.492,4372203,8.014036982028363
Honduras,Americas,1992,66.399,5077347,8.033234920444638
Honduras,Americas,1997,67.659,5867957,8.058471253814995
Honduras,Americas,2002,68.565,6677328,8.039069857610091
Honduras,Americas,2007,70.198,7483763,8.174232587672845
"Hong Kong, China",Asia,1952,60.96,2125900,8.02434539670065
"Hong Kong, China",Asia,1957,64.75,2736300,8.196733475329522
"Hong Kong, China",Asia,1962,67.65,3305200,8.453752365617301
"Hong Kong, China",Asia,1967,70,3722800,8.731975938652381
"Hong Kong, China",Asia,1972,72,4115700,9.025928008368183
"Hong Kong, China",Asia,1977,73.6,4583700,9.32243090269319
"Hong Kong, China",Asia,1982,75.45,5264500,9.586069757213272
"Hong Kong, China",Asia,1987,76.2,5584510,9.905409339220585
"Hong Kong, China",Asia,1992,77.601,5829696,10.116887913146167
"Hong Kong, China",Asia,1997,80,6495918,10.253356514886638
"Hong Kong, China",Asia,2002,81.495,6762476,10.315895674047942
"Hong Kong, China",Asia,2007,82.208,6980412,10.5897354544633
Hungary,Europe,1952,64.03,9504000,8.568584506039647
Hungary,Europe,1957,66.41,9839000,8.706189093630451
Hungary,Europe,1962,67.96,10063000,8.929350506934906
Hungary,Europe,1967,69.5,10223422,9.140630601078245
Hungary,Europe,1972,69.76,10394091,9.227065337734802
Hungary,Europe,1977,69.95,10637171,9.365191152675624
Hungary,Europe,1982,69.39,10705535,9.437156424196026
Hungary,Europe,1987,69.58,10612740,9.471664093728362
Hungary,Europe,1992,69.17,10348684,9.262517987486524
Hungary,Europe,1997,71.04,10244684,9.36843555913829
Hungary,Europe,2002,72.59,10083313,9.605346681023127
Hungary,Europe,2007,73.338,9956108,9.79862382679109
Iceland,Europe,1952,72.49,147962,8.8911935595823
Iceland,Europe,1957,73.47,165110,9.131730124141988
Iceland,Europe,1962,73.68,182053,9.244757166691368
Iceland,Europe,1967,73.73,198676,9.497014112231879
Iceland,Europe,1972,74.46,209275,9.667642655808292
Iceland,Europe,1977,76.11,221823,9.886085128416335
Iceland,Europe,1982,76.99,233997,10.054903388943083
Iceland,Europe,1987,77.23,244676,10.200743880678232
Iceland,Europe,1992,78.77,259012,10.132390168954027
Iceland,Europe,1997,78.95,271192,10.242139542482288
Iceland,Europe,2002,80.5,288030,10.34699325337033
Iceland,Europe,2007,81.757,301931,10.496283571591434
India,Asia,1952,37.373,372000000,6.303654610169521
India,Asia,1957,40.249,409000000,6.380227609345564
India,Asia,1962,43.605,454000000,6.489732377155714
India,Asia,1967,47.193,506000000,6.55218060195628
India,Asia,1972,50.651,567000000,6.584836318172118
India,Asia,1977,54.208,634000000,6.701145934934976
India,Asia,1982,56.596,708000000,6.751947353999071
India,Asia,1987,58.553,788000000,6.883987730877647
India,Asia,1992,60.223,872000000,7.059967059501227
India,Asia,1997,61.765,959000000,7.2853814152655705
India,Asia,2002,62.879,1034172547,7.465523334625443
India,Asia,2007,64.698,1110396331,7.804745103733494
Indonesia,Asia,1952,37.468,82052000,6.6196486558881515
Indonesia,Asia,1957,39.918,90124000,6.755652815942696
Indonesia,Asia,1962,42.518,99028000,6.744400435617459
Indonesia,Asia,1967,45.964,109343000,6.636513025264948
Indonesia,Asia,1972,49.203,121282000,7.0131129109358055
Indonesia,Asia,1977,52.702,136725000,7.231794875339298
Indonesia,Asia,1982,56.159,153343000,7.324406250068779
Indonesia,Asia,1987,60.137,169276000,7.466431746465631
Indonesia,Asia,1992,62.681,184816000,7.776174601662223
Indonesia,Asia,1997,66.041,199278000,8.045375310370526
Indonesia,Asia,2002,68.588,211060000,7.96342974954754
Indonesia,Asia,2007,70.65,223547000,8.172066046818411
Iran,Asia,1952,44.869,17272000,8.01807411189315
Iran,Asia,1957,47.181,19792000,8.098721151635525
Iran,Asia,1962,49.325,22874000,8.339818531008813
Iran,Asia,1967,52.469,26538000,8.683847963364693
Iran,Asia,1972,55.234,30614000,9.170956780686979
Iran,Asia,1977,57.702,35480679,9.383334822905258
Iran,Asia,1982,59.62,43072751,8.936999583542034
Iran,Asia,1987,63.04,51889696,8.801301089760795
Iran,Asia,1992,65.742,60397973,8.886775916676685
Iran,Asia,1997,68.042,63327987,9.019614433215251
Iran,Asia,2002,69.451,66907826,9.131379626062532
Iran,Asia,2007,70.964,69453570,9.359252884241174
Iraq,Asia,1952,45.32,5441766,8.325976039314368
Iraq,Asia,1957,48.437,6248643,8.737024633667891
Iraq,Asia,1962,51.457,7240260,9.029026844749668
Iraq,Asia,1967,54.459,8519282,9.097335133186714
Iraq,Asia,1972,56.95,10061506,9.167019173295264
Iraq,Asia,1977,60.413,11882916,9.594802116953339
Iraq,Asia,1982,62.038,14173318,9.583138139560093
Iraq,Asia,1987,65.044,16543189,9.36250960546314
Iraq,Asia,1992,59.461,17861905,8.22834795928978
Iraq,Asia,1997,58.811,20775703,8.031463284349092
Iraq,Asia,2002,57.046,24001816,8.387247889532347
Iraq,Asia,2007,59.545,27499638,8.40538122225756
Ireland,Europe,1952,66.91,2952156,8.558388939058093
Ireland,Europe,1957,68.9,2878220,8.630357197450067
Ireland,Europe,1962,70.29,2830000,8.799600976334768
Ireland,Europe,1967,71.08,2900100,8.943188630999266
Ireland,Europe,1972,71.28,3024400,9.162281094723824
Ireland,Europe,1977,72.03,3271900,9.319282766739018
Ireland,Europe,1982,73.1,3480000,9.44290511694744
Ireland,Europe,1987,74.36,3539900,9.537690162467365
Ireland,Europe,1992,75.467,3557761,9.773311413319613
Ireland,Europe,1997,76.122,3667233,10.107323796766845
Ireland,Europe,2002,77.783,3879155,10.436379398263155
Ireland,Europe,2007,78.885,4109086,10.61339342717752
Israel,Asia,1952,65.39,1620914,8.315449551844253
Israel,Asia,1957,67.84,1944401,8.591424296888741
Israel,Asia,1962,69.39,2310904,8.86864280590882
Israel,Asia,1967,70.75,2693585,9.035241636175714
Israel,Asia,1972,71.63,3095893,9.456179008883149
Israel,Asia,1977,73.06,3495918,9.496016875368166
Israel,Asia,1982,74.45,3858421,9.639979532229228
Israel,Asia,1987,75.6,4203148,9.748147490841262
Israel,Asia,1992,76.93,4936550,9.800985311450198
Israel,Asia,1997,78.269,5531387,9.947342187470431
Israel,Asia,2002,79.696,6029529,9.99449736901839
Israel,Asia,2007,80.745,6426679,10.147346142223887
Italy,Europe,1952,65.94,47666000,8.503379044942077
Italy,Europe,1957,67.81,49182000,8.740121716734015
Italy,Europe,1962,69.24,50843200,9.017190278427117
Italy,Europe,1967,71.06,52667100,9.212577997623582
Italy,Europe,1972,72.19,54365564,9.414853349319293
Italy,Europe,1977,73.48,56059245,9.56493207998499
Italy,Europe,1982,74.98,56535636,9.713384810690288
Italy,Europe,1987,76.42,56729703,9.863042300581146
Italy,Europe,1992,77.44,56840847,9.999417760992046
Italy,Europe,1997,78.82,57479469,10.113546855587918
Italy,Europe,2002,80.24,57926999,10.238819788532053
Italy,Europe,2007,80.546,58147733,10.26010268418614
Jamaica,Americas,1952,58.53,1426095,7.97195929485448
Jamaica,Americas,1957,62.61,1535090,8.467272802793707
Jamaica,Americas,1962,65.61,1665128,8.565241656594964
Jamaica,Americas,1967,67.51,1861096,8.720085618077562
Jamaica,Americas,1972,69,1997616,8.91380445876353
Jamaica,Americas,1977,70.11,2156814,8.802401542691134
Jamaica,Americas,1982,71.21,2298309,8.710792802858457
Jamaica,Americas,1987,71.77,2326606,8.756404954002244
Jamaica,Americas,1992,71.766,2378618,8.909900420774385
Jamaica,Americas,1997,72.262,2531311,8.870933291470687
Jamaica,Americas,2002,72.047,2664659,8.852918700877536
Jamaica,Americas,2007,72.567,2780132,8.898485854096965
Japan,Asia,1952,63.03,86459025,8.076190957672294
Japan,Asia,1957,65.5,91563009,8.37047682695776
Japan,Asia,1962,68.73,95831757,8.791280694176857
Japan,Asia,1967,71.43,100825279,9.195002202057134
Japan,Asia,1972,73.42,107188273,9.600948077463563
Japan,Asia,1977,75.38,113872473,9.717782900122176
Japan,Asia,1982,77.11,118454974,9.872208715948268
Japan,Asia,1987,78.67,122091325,10.015741637899518
Japan,Asia,1992,79.36,124329269,10.19708565733282
Japan,Asia,1997,80.69,125956499,10.268706368084192
Japan,Asia,2002,82,127065841,10.261322539864274
Japan,Asia,2007,82.603,127467972,10.362685133050313
Jordan,Asia,1952,43.158,607914,7.344013254097813
Jordan,Asia,1957,45.669,746559,7.542256193457546
Jordan,Asia,1962,48.126,933559,7.7613230812810965
Jordan,Asia,1967,51.629,1255058,7.916368551015673
Jordan,Asia,1972,56.528,1613551,7.654848977791199
Jordan,Asia,1977,61.134,1937652,7.955899044624217
Jordan,Asia,1982,63.739,2347031,8.333610670100578
Jordan,Asia,1987,65.869,2820042,8.400362682162507
Jordan,Asia,1992,68.015,3867409,8.1407800523741
Jordan,Asia,1997,69.772,4526235,8.201215774000511
Jordan,Asia,2002,71.263,5307470,8.254507345687035
Jordan,Asia,2007,72.535,6053193,8.416148055764452
Kenya,Africa,1952,42.27,6464046,6.749393483674624
Kenya,Africa,1957,44.686,7454779,6.850590375332894
Kenya,Africa,1962,47.949,8678557,6.799018373284752
Kenya,Africa,1967,50.654,10191512,6.9629406236562374
Kenya,Africa,1972,53.559,12044785,7.108538669184907
Kenya,Africa,1977,56.155,14500404,7.144891044297698
Kenya,Africa,1982,58.766,17661452,7.206544778187409
Kenya,Africa,1987,59.339,21198082,7.216663124401262
Kenya,Africa,1992,59.285,25020539,7.201857985726038
Kenya,Africa,1997,54.407,28263827,7.215596548239869
Kenya,Africa,2002,50.992,31386842,7.160469074802525
Kenya,Africa,2007,54.11,35610177,7.288414777482674
"Korea, Dem. Rep.",Asia,1952,50.056,8865488,6.9923516871137705
"Korea, Dem. Rep.",Asia,1957,54.081,9411381,7.3595533475041846
"Korea, Dem. Rep.",Asia,1962,56.656,10917494,7.391226313008342
"Korea, Dem. Rep.",Asia,1967,59.942,12617009,7.670214231041686
"Korea, Dem. Rep.",Asia,1972,63.983,14781241,8.216526246685492
"Korea, Dem. Rep.",Asia,1977,67.159,16325320,8.32027796288563
"Korea, Dem. Rep.",Asia,1982,69.1,17647518,8.320332522420989
"Korea, Dem. Rep.",Asia,1987,70.647,19067554,8.320324491755143
"Korea, Dem. Rep.",Asia,1992,69.978,20711375,8.223107595299695
"Korea, Dem. Rep.",Asia,1997,67.727,21585105,7.432931526611057
"Korea, Dem. Rep.",Asia,2002,66.662,22215365,7.406563877258059
"Korea, Dem. Rep.",Asia,2007,67.297,23301725,7.373415413898915
"Korea, Rep.",Asia,1952,47.453,20947571,6.937888892686943
"Korea, Rep.",Asia,1957,52.681,22611552,7.3049150174596
"Korea, Rep.",Asia,1962,55.292,26420307,7.337161098862706
"Korea, Rep.",Asia,1967,57.716,30131000,7.615410774115982
"Korea, Rep.",Asia,1972,62.612,33505000,8.016607180089805
"Korea, Rep.",Asia,1977,64.766,36436000,8.446174201594228
"Korea, Rep.",Asia,1982,67.123,39326000,8.634610375979493
"Korea, Rep.",Asia,1987,69.81,41622000,9.0517066857249
"Korea, Rep.",Asia,1992,72.244,43805450,9.401314282301552
"Korea, Rep.",Asia,1997,74.647,46173816,9.679939416888713
"Korea, Rep.",Asia,2002,77.045,47969150,9.86443421073548
"Korea, Rep.",Asia,2007,78.623,49044790,10.058272590972555
Kuwait,Asia,1952,55.565,160000,11.593420558609495
Kuwait,Asia,1957,58.033,212846,11.63976190923324
Kuwait,Asia,1962,60.47,358266,11.466442809932659
Kuwait,Asia,1967,64.624,575003,11.300905853333136
Kuwait,Asia,1972,67.712,841934,11.602289519741827
Kuwait,Asia,1977,69.343,1140357,10.989782242438755
Kuwait,Asia,1982,71.309,1497494,10.353098269195346
Kuwait,Asia,1987,74.174,1891487,10.244180511506714
Kuwait,Asia,1992,75.19,1418095,10.461184918333121
Kuwait,Asia,1997,76.156,1765345,10.604122131439276
Kuwait,Asia,2002,76.904,2111561,10.466244278556982
Kuwait,Asia,2007,77.588,2505559,10.764413339037992
Lebanon,Asia,1952,55.928,1439529,8.483595883177966
Lebanon,Asia,1957,59.489,1647412,8.714368373885014
Lebanon,Asia,1962,62.094,1886848,8.65077268980866
Lebanon,Asia,1967,63.87,2186894,8.70067791180639
Lebanon,Asia,1972,65.421,2680018,8.920841228450222
Lebanon,Asia,1977,66.099,3115787,9.066434993553408
Lebanon,Asia,1982,66.983,3086876,8.941220879979552
Lebanon,Asia,1987,67.926,3089353,8.589902861787248
Lebanon,Asia,1992,69.292,3219994,8.837943462231266
Lebanon,Asia,1997,70.265,3430388,9.077376115642323
Lebanon,Asia,2002,71.028,3677780,9.139267355988009
Lebanon,Asia,2007,71.993,3921278,9.255414944734394
Lesotho,Africa,1952,42.138,748747,5.699929100269407
Lesotho,Africa,1957,45.047,813338,5.81710257391444
Lesotho,Africa,1962,47.747,893143,6.020539316204965
Lesotho,Africa,1967,48.492,996380,6.211882440188406
Lesotho,Africa,1972,49.767,1116779,6.207747804726955
Lesotho,Africa,1977,52.208,1251524,6.61388012331784
Lesotho,Africa,1982,55.078,1411807,6.681184746520149
Lesotho,Africa,1987,57.18,1599200,6.6515631062386325
Lesotho,Africa,1992,59.685,1803195,6.88498424828265
Lesotho,Africa,1997,55.558,1982823,7.078466355921174
Lesotho,Africa,2002,44.593,2046772,7.15084621182101
Lesotho,Africa,2007,42.592,2012649,7.358404974528663
Liberia,Africa,1952,38.48,863308,6.355366059562457
Liberia,Africa,1957,39.486,975950,6.431282755645009
Liberia,Africa,1962,40.502,1112796,6.4523567343551935
Liberia,Africa,1967,41.536,1279406,6.570327693780758
Liberia,Africa,1972,42.614,1482628,6.688361505330923
Liberia,Africa,1977,43.764,1703617,6.461971859327899
Liberia,Africa,1982,44.852,1956875,6.349487828081648
Liberia,Africa,1987,46.027,2269414,6.226761658402394
Liberia,Africa,1992,40.802,1912974,6.456177516556191
Liberia,Africa,1997,42.221,2200725,6.4121038604219525
Liberia,Africa,2002,43.753,2814651,6.275670023007831
Liberia,Africa,2007,45.678,3193942,6.027090686119344
Libya,Africa,1952,42.723,1019729,7.778022201995214
Libya,Africa,1957,45.289,1201578,8.145632109530693
Libya,Africa,1962,47.808,1441863,8.818338844145593
Libya,Africa,1967,50.227,1759224,9.840161719261975
Libya,Africa,1972,52.773,2183877,9.95282505308015
Libya,Africa,1977,57.442,2721783,9.996577622446521
Libya,Africa,1982,62.155,3344074,9.762170235542749
Libya,Africa,1987,66.234,3799845,9.373359309449134
Libya,Africa,1992,68.755,4364501,9.173690754825033
Libya,Africa,1997,71.555,4759670,9.155614461951426
Libya,Africa,2002,72.737,5368585,9.162690691243208
Libya,Africa,2007,73.952,6036914,9.397442092229253
Madagascar,Africa,1952,36.681,4762912,7.274487677244035
Madagascar,Africa,1957,38.865,5181679,7.370987754369352
Madagascar,Africa,1962,40.848,5703324,7.404514701971134
Madagascar,Africa,1967,42.881,6334556,7.398815211353809
Madagascar,Africa,1972,44.851,7082430,7.466549576443781
Madagascar,Africa,1977,46.881,8007166,7.34227976755417
Madagascar,Africa,1982,48.969,9171477,7.1723314476925015
Madagascar,Africa,1987,49.35,10568642,7.052238188729315
Madagascar,Africa,1992,52.214,12210395,6.947625963550533
Madagascar,Africa,1997,54.978,14165114,6.893956406539954
Madagascar,Africa,2002,57.286,16473477,6.796418141291025
Madagascar,Africa,2007,59.443,19167654,6.951552165081218
Malawi,Africa,1952,36.256,2917802,5.9112439158153105
Malawi,Africa,1957,37.207,3221238,6.031573823064691
Malawi,Africa,1962,38.41,3628608,6.058892060460917
Malawi,Africa,1967,39.487,4147252,6.20559718299215
Malawi,Africa,1972,41.766,4730997,6.370965434762582
Malawi,Africa,1977,43.767,5637246,6.4971123037266585
Malawi,Africa,1982,45.642,6502825,6.450160612546764
Malawi,Africa,1987,47.457,7824747,6.454439412679547
Malawi,Africa,1992,49.42,10014249,6.33363483058957
Malawi,Africa,1997,47.495,10419991,6.539984446007515
Malawi,Africa,2002,45.009,11824495,6.500423106894256
Malawi,Africa,2007,48.303,13327079,6.632462685785543
Malaysia,Asia,1952,48.463,6748378,7.512690122051632
Malaysia,Asia,1957,52.102,7739235,7.501119135729635
Malaysia,Asia,1962,55.737,8906385,7.619176931568249
Malaysia,Asia,1967,59.371,10154878,7.73094005420622
Malaysia,Asia,1972,63.01,11441462,7.954756601757815
Malaysia,Asia,1977,65.256,12845381,8.250077264118444
Malaysia,Asia,1982,68,14441916,8.501136154633608
Malaysia,Asia,1987,69.5,16331785,8.565945764974389
Malaysia,Asia,1992,70.693,18319502,8.892599397061584
Malaysia,Asia,1997,71.938,20476091,9.223543786009959
Malaysia,Asia,2002,73.044,22662365,9.230826877139284
Malaysia,Asia,2007,74.241,24821286,9.429608889033608
Mali,Africa,1952,33.685,3838168,6.1144274345830345
Mali,Africa,1957,35.307,4241884,6.195185059941061
Mali,Africa,1962,36.936,4690372,6.2069273625447705
Mali,Africa,1967,38.487,5212416,6.300803936333545
Mali,Africa,1972,39.977,5828158,6.365385454012112
Mali,Africa,1977,41.714,6491649,6.5314536561045475
Mali,Africa,1982,43.916,6998256,6.42651121464211
Mali,Africa,1987,46.364,7634008,6.528208701378354
Mali,Africa,1992,48.388,8416215,6.605317372721125
Mali,Africa,1997,49.903,9384984,6.672359454935857
Mali,Africa,2002,51.818,10580176,6.857944833893097
Mali,Africa,2007,54.467,12031795,6.9494551827472755
Mauritania,Africa,1952,40.543,1022556,6.610852034838689
Mauritania,Africa,1957,42.338,1076852,6.740661502340346
Mauritania,Africa,1962,44.248,1146757,6.962145008662037
Mauritania,Africa,1967,46.289,1230542,7.259218299513596
Mauritania,Africa,1972,48.437,1332786,7.369507320449572
Mauritania,Africa,1977,50.852,1456688,7.311547136653916
Mauritania,Africa,1982,53.599,1622136,7.300574219659522
Mauritania,Africa,1987,56.145,1841240,7.259540792312798
Mauritania,Africa,1992,58.333,2119465,7.216246665968072
Mauritania,Africa,1997,60.43,2444741,7.30191413563213
Mauritania,Africa,2002,62.247,2828858,7.364559390999823
Mauritania,Africa,2007,64.164,3270065,7.497291244077236
Mauritius,Africa,1952,50.986,516556,7.58475057075323
Mauritius,Africa,1957,58.089,609816,7.617778249492179
Mauritius,Africa,1962,60.246,701016,7.8356059315650075
Mauritius,Africa,1967,61.557,789309,7.814152253450816
Mauritius,Africa,1972,62.944,851334,7.853792817948089
Mauritius,Africa,1977,64.93,913025,8.219052070104222
Mauritius,Africa,1982,66.711,992040,8.212849817541699
Mauritius,Africa,1987,68.74,1042663,8.472945942194759
Mauritius,Africa,1992,69.745,1096202,8.709176893317414
Mauritius,Africa,1997,70.736,1149818,8.912702948385299
Mauritius,Africa,2002,71.954,1200206,9.107400911420072
Mauritius,Africa,2007,72.801,1250882,9.30173298996425
Mexico,Americas,1952,50.789,30144317,8.15424878655734
Mexico,Americas,1957,55.19,35015548,8.326407105197692
Mexico,Americas,1962,58.299,41121485,8.429805609488586
Mexico,Americas,1967,60.11,47995559,8.657778079079016
Mexico,Americas,1972,62.361,55984294,8.826060272000081
Mexico,Americas,1977,65.032,63759976,8.945714335670068
Mexico,Americas,1982,67.405,71640904,9.17067890596963
Mexico,Americas,1987,69.498,80122492,9.069715998158916
Mexico,Americas,1992,71.455,88111030,9.156135927985744
Mexico,Americas,1997,73.67,95895146,9.186795097766336
Mexico,Americas,2002,74.902,102479927,9.28195757967851
Mexico,Americas,2007,76.195,108700891,9.390791427138863
Mongolia,Asia,1952,42.244,800663,6.667677725242776
Mongolia,Asia,1957,45.248,882134,6.816366270676608
Mongolia,Asia,1962,48.251,1010280,6.962578595603427
Mongolia,Asia,1967,51.253,1149500,7.111545664057411
Mongolia,Asia,1972,53.754,1320500,7.259638141718719
Mongolia,Asia,1977,55.491,1528000,7.4070213467764825
Mongolia,Asia,1982,57.489,1756032,7.601203983579141
Mongolia,Asia,1987,60.222,2015133,7.757054693779342
Mongolia,Asia,1992,61.271,2312802,7.487398887903356
Mongolia,Asia,1997,63.625,2494803,7.550793779011864
Mongolia,Asia,2002,65.033,2674234,7.668906526389485
Mongolia,Asia,2007,66.803,2874127,8.037792676125699
Montenegro,Europe,1952,59.164,413834,7.88140340971963
Montenegro,Europe,1957,61.448,442829,8.211281946754317
Montenegro,Europe,1962,63.728,474528,8.444535136700948
Montenegro,Europe,1967,67.178,501035,8.684037412628841
Montenegro,Europe,1972,70.636,527678,8.959107742535375
Montenegro,Europe,1977,73.066,560073,9.16909431932682
Montenegro,Europe,1982,74.101,562548,9.325683778155126
Montenegro,Europe,1987,74.865,569473,9.370118914491124
Montenegro,Europe,1992,75.435,621621,8.85414231959231
Montenegro,Europe,1997,75.445,692651,8.774253158940985
Montenegro,Europe,2002,73.981,720230,8.788318089533377
Montenegro,Europe,2007,74.543,684736,9.132799943015339
Morocco,Africa,1952,42.873,9939217,7.431420266225739
Morocco,Africa,1957,45.423,11406350,7.403671699268385
Morocco,Africa,1962,47.924,13056604,7.356505580962649
Morocco,Africa,1967,50.335,14770296,7.4448594395346746
Morocco,Africa,1972,52.862,16660670,7.565376300112482
Morocco,Africa,1977,55.73,18396941,7.770906793168574
Morocco,Africa,1982,59.65,20198730,7.901977083581836
Morocco,Africa,1987,62.677,22987397,7.921189778065872
Morocco,Africa,1992,65.393,25798239,7.9888982816746665
Morocco,Africa,1997,67.66,28529501,8.000383652353667
Morocco,Africa,2002,69.615,31167783,8.08902089054672
Morocco,Africa,2007,71.164,33757175,8.248051572276294
Mozambique,Africa,1952,31.286,6446316,6.149591677722147
Mozambique,Africa,1957,33.779,7038035,6.20574258221079
Mozambique,Africa,1962,36.161,7788944,6.3220019824047435
Mozambique,Africa,1967,38.113,8680909,6.339775630601859
Mozambique,Africa,1972,40.328,9809596,6.586058274220437
Mozambique,Africa,1977,42.495,11127868,6.219236836068335
Mozambique,Africa,1982,42.795,12587223,6.136022394419783
Mozambique,Africa,1987,42.861,12891952,5.965829213333098
Mozambique,Africa,1992,44.284,13160731,6.0183421462415785
Mozambique,Africa,1997,46.344,16603334,6.1577119311102635
Mozambique,Africa,2002,44.026,18473780,6.451446164909682
Mozambique,Africa,2007,42.082,19951656,6.713788928589531
Myanmar,Asia,1952,36.319,20092996,5.802118375377063
Myanmar,Asia,1957,41.905,21731844,5.857933154483459
Myanmar,Asia,1962,45.108,23634436,5.961005339623274
Myanmar,Asia,1967,49.379,25870271,5.855071922202427
Myanmar,Asia,1972,53.07,28466390,5.877735781779639
Myanmar,Asia,1977,56.059,31528087,5.916202062607435
Myanmar,Asia,1982,58.056,34680442,6.049733455231958
Myanmar,Asia,1987,58.339,38028578,5.953243334287785
Myanmar,Asia,1992,59.32,40546538,5.849324779946859
Myanmar,Asia,1997,60.328,43247867,6.028278520230698
Myanmar,Asia,2002,59.908,45598081,6.415096959171596
Myanmar,Asia,2007,62.069,47761980,6.8501261661455
Namibia,Africa,1952,41.725,485831,7.793083766766791
Namibia,Africa,1957,45.226,548080,7.871482137969257
Namibia,Africa,1962,48.386,621392,8.062500736013023
Namibia,Africa,1967,51.159,706640,8.241095692065858
Namibia,Africa,1972,53.867,821782,8.228465491953687
Namibia,Africa,1977,56.437,977026,8.262684341312713
Namibia,Africa,1982,58.968,1099010,8.340718630219216
Namibia,Africa,1987,60.835,1278184,8.214392428552811
Namibia,Africa,1992,61.999,1554253,8.243949843475754
Namibia,Africa,1997,58.909,1774766,8.268609840061625
Namibia,Africa,2002,51.479,1972153,8.311969307260537
Namibia,Africa,2007,52.906,2055080,8.478672802210884
Nepal,Asia,1952,36.157,9182536,6.302373016744891
Nepal,Asia,1957,37.686,9682338,6.393484319858631
Nepal,Asia,1962,39.393,10332057,6.480653056664149
Nepal,Asia,1967,41.472,11261690,6.516847041746571
Nepal,Asia,1972,43.971,12412593,6.514398759527167
Nepal,Asia,1977,46.748,13933198,6.542633964386349
Nepal,Asia,1982,49.594,15796314,6.57698906458844
Nepal,Asia,1987,52.537,17917180,6.653678761198801
Nepal,Asia,1992,55.727,20326209,6.799880895538102
Nepal,Asia,1997,59.426,23001113,6.918588524901557
Nepal,Asia,2002,61.34,25873917,6.963385152254503
Nepal,Asia,2007,63.785,28901790,6.995179700490467
Netherlands,Europe,1952,72.13,10381988,9.098466675755006
Netherlands,Europe,1957,72.99,11026383,9.330449007106369
Netherlands,Europe,1962,73.23,11805689,9.456485316135497
Netherlands,Europe,1967,73.82,12596822,9.639733661384565
Netherlands,Europe,1972,73.75,13329874,9.841332624116353
Netherlands,Europe,1977,75.24,13852989,9.962183690139309
Netherlands,Europe,1982,76.05,14310401,9.971120988542578
Netherlands,Europe,1987,76.83,14665278,10.071174358950202
Netherlands,Europe,1992,77.42,15174244,10.195819408345681
Netherlands,Europe,1997,78.03,15604464,10.317123542219564
Netherlands,Europe,2002,78.53,16122830,10.42598749884112
Netherlands,Europe,2007,79.762,16570613,10.513196962797394
New Zealand,Oceania,1952,69.39,1994794,9.264504230050656
New Zealand,Oceania,1957,70.26,2229407,9.413068566425785
New Zealand,Oceania,1962,71.24,2488550,9.486127833186055
New Zealand,Oceania,1967,71.52,2728150,9.579412477666029
New Zealand,Oceania,1972,71.89,2929100,9.683217199631356
New Zealand,Oceania,1977,72.22,3164900,9.69484569774033
New Zealand,Oceania,1982,73.84,3210650,9.777493987543831
New Zealand,Oceania,1987,74.32,3317166,9.852572675487073
New Zealand,Oceania,1992,76.33,3437674,9.8181107447283
New Zealand,Oceania,1997,77.55,3676187,9.954675495449408
New Zealand,Oceania,2002,79.11,3908037,10.051467864020562
New Zealand,Oceania,2007,80.204,4115771,10.134004219902934
Nicaragua,Americas,1952,42.314,1165790,8.043137828331645
Nicaragua,Americas,1957,45.432,1358828,8.148276752903572
Nicaragua,Americas,1962,48.632,1590597,8.198189520758671
Nicaragua,Americas,1967,51.884,1865490,8.443200742989394
Nicaragua,Americas,1972,55.151,2182908,8.452887873378042
Nicaragua,Americas,1977,57.47,2554598,8.610022312119094
Nicaragua,Americas,1982,59.298,2979423,8.152007319489666
Nicaragua,Americas,1987,62.008,3344353,7.991586996194853
Nicaragua,Americas,1992,65.843,4017939,7.682552362984302
Nicaragua,Americas,1997,68.426,4609572,7.720028150766271
Nicaragua,Americas,2002,70.836,5146848,7.8138133630314375
Nicaragua,Americas,2007,72.899,5675356,7.919109238352224
Niger,Africa,1952,37.444,3379468,6.635788243943405
Niger,Africa,1957,38.598,3692184,6.728058357816719
Niger,Africa,1962,39.487,4076008,6.905518892833778
Niger,Africa,1967,40.118,4534062,6.960712834169096
Niger,Africa,1972,40.546,5060262,6.860882972662072
Niger,Africa,1977,41.291,5682086,6.695671681275859
Niger,Africa,1982,42.598,6437188,6.813139207169115
Niger,Africa,1987,44.555,7332638,6.504737208633439
Niger,Africa,1992,47.391,8392818,6.365065208267468
Niger,Africa,1997,51.313,9666252,6.363554187892443
Niger,Africa,2002,54.496,11140655,6.398718888915774
Niger,Africa,2007,56.867,12894865,6.4291982009074955
Nigeria,Africa,1952,36.324,33119096,6.982196347653054
Nigeria,Africa,1957,37.802,37173340,7.003604007379495
Nigeria,Africa,1962,39.36,41871351,7.048323398917519
Nigeria,Africa,1967,41.04,47287752,6.922165061584215
Nigeria,Africa,1972,42.821,53740085,7.437435338299622
Nigeria,Africa,1977,44.514,62209173,7.591837398751715
Nigeria,Africa,1982,45.826,73039376,7.363262941295014
Nigeria,Africa,1987,46.886,81551520,7.233476763519989
Nigeria,Africa,1992,47.472,93364244,7.39008773062707
Nigeria,Africa,1997,47.464,106207839,7.39322695564929
Nigeria,Africa,2002,46.608,119901274,7.387267554300202
Nigeria,Africa,2007,46.859,135031164,7.6078668045953535
Norway,Europe,1952,72.67,3327728,9.219837305010588
Norway,Europe,1957,73.44,3491938,9.363402434331544
Norway,Europe,1962,73.47,3638919,9.506764236629031
Norway,Europe,1967,74.08,3786019,9.702709302234608
Norway,Europe,1972,74.34,3933004,9.850353381089452
Norway,Europe,1977,75.37,4043205,10.056695619243195
Norway,Europe,1982,75.97,4114787,10.177272327465944
Norway,Europe,1987,75.89,4186147,10.359042766824459
Norway,Europe,1992,77.32,4286357,10.43310532706233
Norway,Europe,1997,78.32,4405672,10.628210052498586
Norway,Europe,2002,79.05,4535591,10.70737022080105
Norway,Europe,2007,80.196,4627926,10.806838731715855
Oman,Asia,1952,37.578,507833,7.511103732590244
Oman,Asia,1957,40.08,561977,7.715456532594046
Oman,Asia,1962,43.165,628164,7.980926029960471
Oman,Asia,1967,46.988,714775,8.459763780459888
Oman,Asia,1972,52.143,829050,9.270309583764263
Oman,Asia,1977,57.367,1004533,9.379943383210337
Oman,Asia,1982,62.728,1301048,9.46922096087072
Oman,Asia,1987,67.734,1593882,9.804507920669824
Oman,Asia,1992,71.197,1915208,9.83181467750998
Oman,Asia,1997,72.499,2283635,9.888478265118952
Oman,Asia,2002,74.193,2713462,9.892165543297152
Oman,Asia,2007,75.64,3204897,10.013067831605971
Pakistan,Asia,1952,43.436,41346560,6.5288305540161
Pakistan,Asia,1957,45.557,46679944,6.616176998426324
Pakistan,Asia,1962,47.67,53100671,6.688781449532241
Pakistan,Asia,1967,49.8,60641899,6.848438576441265
Pakistan,Asia,1972,51.929,69325921,6.95648732812959
Pakistan,Asia,1977,54.043,78152686,7.069807113458015
Pakistan,Asia,1982,56.158,91462088,7.27477738829213
Pakistan,Asia,1987,58.245,105186881,7.44113655053284
Pakistan,Asia,1992,60.838,120065004,7.586717052721257
Pakistan,Asia,1997,61.818,135564834,7.625278202910314
Pakistan,Asia,2002,63.61,153403524,7.646216322180451
Pakistan,Asia,2007,65.483,169270617,7.865551642363522
Panama,Americas,1952,55.191,940080,7.816167187884382
Panama,Americas,1957,59.201,1063506,7.993552776160787
Panama,Americas,1962,61.817,1215725,8.170904212141355
Panama,Americas,1967,64.071,1405486,8.39412324856288
Panama,Americas,1972,66.216,1616384,8.587511787501867
Panama,Americas,1977,68.681,1839782,8.585209186127738
Panama,Americas,1982,70.472,2036305,8.855036145032674
Panama,Americas,1987,71.523,2253639,8.858621577584552
Panama,Americas,1992,72.462,2484997,8.797660759301952
Panama,Americas,1997,73.738,2734531,8.869776692084349
Panama,Americas,2002,74.712,2990875,8.903275926932842
Panama,Americas,2007,75.537,3242173,9.191074535454053
Paraguay,Americas,1952,62.649,1555876,7.576767900473375
Paraguay,Americas,1957,63.196,1770902,7.6237175575337295
Paraguay,Americas,1962,64.361,2009813,7.672305093351506
Paraguay,Americas,1967,64.951,2287985,7.74039319601381
Paraguay,Americas,1972,65.815,2614104,7.833337898052313
Paraguay,Americas,1977,66.353,2984494,8.085909630329683
Paraguay,Americas,1982,66.874,3366439,8.356673110888163
Paraguay,Americas,1987,67.378,3886512,8.293768524342696
Paraguay,Americas,1992,68.225,4483945,8.341984933735649
Paraguay,Americas,1997,69.4,5154123,8.354062371457553
Paraguay,Americas,2002,70.755,5884491,8.23845083846387
Paraguay,Americas,2007,71.752,6667147,8.336351770041206
Peru,Americas,1952,43.902,8025700,8.231781456330422
Peru,Americas,1957,46.263,9146100,8.353557567588549
Peru,Americas,1962,49.096,10516500,8.508563660286962
Peru,Americas,1967,51.445,12132200,8.663558212362215
Peru,Americas,1972,55.448,13954700,8.68909856817114
Peru,Americas,1977,58.447,15990099,8.74533078849894
Peru,Americas,1982,61.406,18125129,8.769429696209459
Peru,Americas,1987,64.134,20195924,8.757931985584413
Peru,Americas,1992,66.458,22430449,8.39984576876673
Peru,Americas,1997,68.386,24748122,8.672203100343284
Peru,Americas,2002,69.906,26769436,8.684235288361398
Peru,Americas,2007,71.421,28674757,8.910438009810923
Philippines,Asia,1952,47.752,22438691,7.149038110291206
Philippines,Asia,1957,51.334,26072194,7.344683423023936
Philippines,Asia,1962,54.757,30325264,7.408259107628651
Philippines,Asia,1967,56.393,35356600,7.503359876278364
Philippines,Asia,1972,58.065,40850141,7.595575330552742
Philippines,Asia,1977,60.06,46850962,7.771996340804566
Philippines,Asia,1982,62.082,53456774,7.864525072341735
Philippines,Asia,1987,64.151,60017788,7.691490139969962
Philippines,Asia,1992,66.458,67185766,7.731634194216554
Philippines,Asia,1997,68.564,75012988,7.838554225884947
Philippines,Asia,2002,70.303,82995088,7.882662431421013
Philippines,Asia,2007,71.688,91077287,8.067926973126148
Poland,Europe,1952,61.31,25730551,8.301355313315165
Poland,Europe,1957,65.77,28235346,8.462579235836216
Poland,Europe,1962,67.64,30329617,8.58274722356042
Poland,Europe,1967,69.61,31785378,8.788311759671918
Poland,Europe,1972,70.85,33039545,8.9880098641775
Poland,Europe,1977,70.67,34621254,9.159903705735847
Poland,Europe,1982,71.32,36227381,9.042102887844724
Poland,Europe,1987,70.98,37740710,9.114088377723832
Poland,Europe,1992,70.99,38370697,8.954012414405344
Poland,Europe,1997,72.75,38654957,9.226172743914965
Poland,Europe,2002,74.67,38625976,9.392848501364389
Poland,Europe,2007,75.563,38518241,9.64146833273388
Portugal,Europe,1952,59.82,8526050,8.028885416179008
Portugal,Europe,1957,61.51,8817650,8.236042209684777
Portugal,Europe,1962,64.39,9019800,8.46124801779676
Portugal,Europe,1967,66.6,9103000,8.758022305999726
Portugal,Europe,1972,69.26,8970450,9.10744874133428
Portugal,Europe,1977,70.41,9662600,9.227441876090147
Portugal,Europe,1982,72.77,9859650,9.371935522271308
Portugal,Europe,1987,74.06,9915289,9.475723824873153
Portugal,Europe,1992,74.86,9927680,9.693214978056083
Portugal,Europe,1997,75.97,10156415,9.777982806309033
Portugal,Europe,2002,77.29,10433867,9.902031887069048
Portugal,Europe,2007,78.098,10642836,9.928650677345093
Puerto Rico,Americas,1952,64.28,2227000,8.0333209674497
Puerto Rico,Americas,1957,68.54,2260000,8.270565070964496
Puerto Rico,Americas,1962,69.62,2448046,8.538630683553107
Puerto Rico,Americas,1967,71.1,2648961,8.843510860778018
Puerto Rico,Americas,1972,72.16,2847132,9.118558551803602
Puerto Rico,Americas,1977,73.44,3080828,9.187125471433868
Puerto Rico,Americas,1982,73.75,3279001,9.242903312611743
Puerto Rico,Americas,1987,74.63,3444468,9.415836471789572
Puerto Rico,Americas,1992,73.911,3585176,9.591621190792461
Puerto Rico,Americas,1997,74.917,3759430,9.740935287188602
Puerto Rico,Americas,2002,77.778,3859606,9.844565558738122
Puerto Rico,Americas,2007,78.746,3942491,9.869346783112231
Reunion,Africa,1952,52.724,257700,7.907977257276984
Reunion,Africa,1957,55.09,308700,7.926404689345817
Reunion,Africa,1962,57.666,358900,8.062660732826064
Reunion,Africa,1967,60.542,414024,8.299329611239415
Reunion,Africa,1972,64.274,461633,8.526679763859006
Reunion,Africa,1977,67.064,492095,8.370965325348482
Reunion,Africa,1982,69.885,517810,8.569257865284124
Reunion,Africa,1987,71.913,562035,8.576099158461872
Reunion,Africa,1992,73.615,622191,8.716249901595493
Reunion,Africa,1997,74.772,684810,8.7114336699841175
Reunion,Africa,2002,75.744,743981,8.750867530828282
Reunion,Africa,2007,76.442,798094,8.945087873112389
Romania,Europe,1952,61.05,16630000,8.053446168247508
Romania,Europe,1957,64.1,17829327,8.2797910237128
Romania,Europe,1962,66.8,18680721,8.462736495799563
Romania,Europe,1967,66.8,19284814,8.77506531129337
Romania,Europe,1972,69.21,20662648,8.98862260399967
Romania,Europe,1977,69.46,21658597,9.14381558511826
Romania,Europe,1982,69.66,22356726,9.170071771492697
Romania,Europe,1987,69.53,22686371,9.17949689427738
Romania,Europe,1992,69.36,22797027,8.79458397519984
Romania,Europe,1997,69.72,22562458,8.901985761717766
Romania,Europe,2002,71.322,22404337,8.97276316493657
Romania,Europe,2007,72.476,22276056,9.288085884038223
Rwanda,Africa,1952,40,2534927,6.201165906014376
Rwanda,Africa,1957,41.5,2822082,6.292104918780773
Rwanda,Africa,1962,43,3051242,6.392709216179257
Rwanda,Africa,1967,44.1,3451079,6.236298578289071
Rwanda,Africa,1972,44.6,3992121,6.38110622884836
Rwanda,Africa,1977,45,4657072,6.507398005298783
Rwanda,Africa,1982,46.218,5507565,6.781705142358862
Rwanda,Africa,1987,44.02,6349365,6.742870278426945
Rwanda,Africa,1992,23.599,7290203,6.60268096099263
Rwanda,Africa,1997,36.087,7212583,6.380028473323383
Rwanda,Africa,2002,43.413,7852401,6.666516192580365
Rwanda,Africa,2007,46.242,8860588,6.760517193245892
Sao Tome and Principe,Africa,1952,46.471,60011,6.779448597183153
Sao Tome and Principe,Africa,1957,48.945,61325,6.7577888858379795
Sao Tome and Principe,Africa,1962,51.893,65345,6.976862521661787
Sao Tome and Principe,Africa,1967,54.425,70787,7.233340316690606
Sao Tome and Principe,Africa,1972,56.48,76595,7.334972259777932
Sao Tome and Principe,Africa,1977,58.55,86796,7.460238062852498
Sao Tome and Principe,Africa,1982,60.351,98593,7.544447507215055
Sao Tome and Principe,Africa,1987,61.728,110812,7.324177113667596
Sao Tome and Principe,Africa,1992,62.742,125911,7.264574682286113
Sao Tome and Principe,Africa,1997,63.306,145608,7.199735129739869
Sao Tome and Principe,Africa,2002,64.337,170372,7.210147911131397
Sao Tome and Principe,Africa,2007,65.528,199579,7.376780360230913
Saudi Arabia,Asia,1952,39.875,4005677,8.77331568155375
Saudi Arabia,Asia,1957,42.868,4419650,9.006704214184872
Saudi Arabia,Asia,1962,45.914,4943029,9.361035352030672
Saudi Arabia,Asia,1967,49.901,5618198,9.735249290557134
Saudi Arabia,Asia,1972,53.886,6472756,10.120107014183576
Saudi Arabia,Asia,1977,58.69,8128505,10.439037864475624
Saudi Arabia,Asia,1982,63.012,11254672,10.425050580994759
Saudi Arabia,Asia,1987,66.295,14619745,9.961674445976238
Saudi Arabia,Asia,1992,68.768,16945857,10.12027566154345
Saudi Arabia,Asia,1997,70.533,21229759,9.932400038678859
Saudi Arabia,Asia,2002,71.626,24501530,9.852959290699694
Saudi Arabia,Asia,2007,72.777,27601038,9.982983892824338
Senegal,Africa,1952,37.278,2755589,7.2795650002859755
Senegal,Africa,1957,39.329,3054547,7.357334879226639
Senegal,Africa,1962,41.454,3430243,7.411549473890668
Senegal,Africa,1967,43.563,3965841,7.385481903975178
Senegal,Africa,1972,45.815,4588696,7.376327919852211
Senegal,Africa,1977,48.879,5260855,7.3535745064140245
Senegal,Africa,1982,52.379,6147783,7.325465102969886
Senegal,Africa,1987,55.769,7171347,7.2735926236366195
Senegal,Africa,1992,58.196,8307920,7.221031534804262
Senegal,Africa,1997,60.187,9535314,7.238761422987137
Senegal,Africa,2002,61.6,10870037,7.326225625834978
Senegal,Africa,2007,63.062,12267493,7.445693299055102
Serbia,Europe,1952,57.996,6860147,8.183525663360221
Serbia,Europe,1957,61.685,7271135,8.513404200447454
Serbia,Europe,1962,64.531,7616060,8.746657390404753
Serbia,Europe,1967,66.914,7971222,8.986159666253233
Serbia,Europe,1972,68.7,8313288,9.261229996449995
Serbia,Europe,1977,70.3,8686367,9.47121657290302
Serbia,Europe,1982,70.162,9032824,9.627806031231179
Serbia,Europe,1987,71.218,9230783,9.672241168636095
Serbia,Europe,1992,71.659,9826397,9.14046156223323
Serbia,Europe,1997,72.232,10336594,8.976429094212028
Serbia,Europe,2002,73.213,10111559,8.886834245991238
Serbia,Europe,2007,74.002,10150265,9.18876271106754
Sierra Leone,Africa,1952,30.331,2143249,6.779680669058424
Sierra Leone,Africa,1957,31.57,2295678,6.912229690854728
Sierra Leone,Africa,1962,32.767,2467895,7.018079345116951
Sierra Leone,Africa,1967,34.113,2662190,7.095100417267865
Sierra Leone,Africa,1972,35.4,2879013,7.210641009369533
Sierra Leone,Africa,1977,36.788,3140897,7.206588811385204
Sierra Leone,Africa,1982,38.445,3464522,7.289617882516225
Sierra Leone,Africa,1987,40.006,3868905,7.165839464658583
Sierra Leone,Africa,1992,38.333,4260884,6.974194752788752
Sierra Leone,Africa,1997,39.897,4578212,6.35375795368416
Sierra Leone,Africa,2002,41.012,5359092,6.550351087778671
Sierra Leone,Africa,2007,42.568,6144562,6.759882401238381
Singapore,Asia,1952,60.396,1127000,7.7472246740250625
Singapore,Asia,1957,63.179,1445929,7.952651835915101
Singapore,Asia,1962,65.798,1750200,8.209236455860903
Singapore,Asia,1967,67.946,1977600,8.512666670159028
Singapore,Asia,1972,69.521,2152400,9.059256541455326
Singapore,Asia,1977,70.795,2325300,9.324569498193135
Singapore,Asia,1982,71.76,2651869,9.627019772197864
Singapore,Asia,1987,73.56,2794552,9.844879719913733
Singapore,Asia,1992,75.788,3235865,10.117384130063584
Singapore,Asia,1997,77.158,3802309,10.419881939915639
Singapore,Asia,2002,78.77,4197776,10.491915828228683
Singapore,Asia,2007,79.972,4553009,10.760944625212437
Slovak Republic,Europe,1952,64.36,3558137,8.532014630028257
Slovak Republic,Europe,1957,67.45,3844277,8.714939010321517
Slovak Republic,Europe,1962,70.33,4237384,8.920136134605492
Slovak Republic,Europe,1967,70.98,4442238,9.03752180603338
Slovak Republic,Europe,1972,70.35,4593433,9.177214480708518
Slovak Republic,Europe,1977,70.45,4827803,9.298595179252525
Slovak Republic,Europe,1982,70.8,5048043,9.336844895758885
Slovak Republic,Europe,1987,71.08,5199318,9.395762747924133
Slovak Republic,Europe,1992,71.38,5302888,9.158885772263838
Slovak Republic,Europe,1997,72.71,5383010,9.403126207562439
Slovak Republic,Europe,2002,73.8,5410052,9.520672365069794
Slovak Republic,Europe,2007,74.663,5447502,9.835118469488423
Slovenia,Europe,1952,65.57,1489518,8.346414773352521
Slovenia,Europe,1957,67.85,1533070,8.676293310365535
Slovenia,Europe,1962,69.15,1582962,8.909546500352526
Slovenia,Europe,1967,69.18,1646912,9.149048776213318
Slovenia,Europe,1972,69.82,1694510,9.424119105950727
Slovenia,Europe,1977,70.97,1746919,9.634105683227947
Slovenia,Europe,1982,71.063,1861252,9.790695141408419
Slovenia,Europe,1987,72.25,1945870,9.835130278300156
Slovenia,Europe,1992,73.64,1999210,9.562033101973185
Slovenia,Europe,1997,75.13,2011612,9.750400901845707
Slovenia,Europe,2002,76.66,2011497,9.935955679749666
Slovenia,Europe,2007,77.926,2009245,10.156898687468367
Somalia,Africa,1952,32.978,2526994,7.035048365524381
Somalia,Africa,1957,34.977,2780415,7.137395610840445
Somalia,Africa,1962,36.981,3080153,7.222192471689864
Somalia,Africa,1967,38.977,3428839,7.158306333745384
Somalia,Africa,1972,40.973,3840161,7.1345530471060234
Somalia,Africa,1977,41.974,4353666,7.280003092981144
Somalia,Africa,1982,42.955,5828892,7.07056014394647
Somalia,Africa,1987,44.501,6921858,6.99690558291905
Somalia,Africa,1992,39.658,6099799,6.831910734443653
Somalia,Africa,1997,43.795,6633514,6.835825701449175
Somalia,Africa,2002,45.936,7753310,6.782284820184787
Somalia,Africa,2007,48.159,9118773,6.831026564620053
South Africa,Africa,1952,45.009,14264935,8.460685384215294
South Africa,Africa,1957,47.985,16151549,8.610155930682131
South Africa,Africa,1962,49.951,18356657,8.66020718223198
South Africa,Africa,1967,51.927,20997321,8.869887137628433
South Africa,Africa,1972,53.696,23935810,8.957505699051607
South Africa,Africa,1977,55.527,27129932,8.990771852488555
South Africa,Africa,1982,58.161,31140029,9.055820684007127
South Africa,Africa,1987,60.834,35933379,8.965184236453895
South Africa,Africa,1992,61.888,39964159,8.885312098817042
South Africa,Africa,1997,60.236,42835005,8.919879541550007
South Africa,Africa,2002,53.365,44433622,8.950396214406169
South Africa,Africa,2007,49.339,43997828,9.134501743962709
Spain,Europe,1952,64.94,28549870,8.251672985119047
Spain,Europe,1957,66.66,29841614,8.426130508412129
Spain,Europe,1962,69.69,31158061,8.647140848951375
Spain,Europe,1967,71.44,32850275,8.986385528403389
Spain,Europe,1972,73.06,34513161,9.27225839792593
Spain,Europe,1977,74.39,36439000,9.490765262419163
Spain,Europe,1982,76.3,37983310,9.54152508065564
Spain,Europe,1987,76.9,38880702,9.665546501886613
Spain,Europe,1992,77.57,39549438,9.83108160526978
Spain,Europe,1997,78.77,39855442,9.925508255337956
Spain,Europe,2002,79.78,40152517,10.120028219106631
Spain,Europe,2007,80.941,40448191,10.268861777269361
Sri Lanka,Asia,1952,57.593,7982342,6.987981382145385
Sri Lanka,Asia,1957,61.456,9128546,6.977791101606424
Sri Lanka,Asia,1962,62.192,10421936,6.979584619883523
Sri Lanka,Asia,1967,64.266,11737396,7.034840977934542
Sri Lanka,Asia,1972,65.042,13016733,7.1011779316378885
Sri Lanka,Asia,1977,65.949,14116836,7.206952534741823
Sri Lanka,Asia,1982,68.757,15410151,7.407366124952757
Sri Lanka,Asia,1987,69.011,16495304,7.537305802444621
Sri Lanka,Asia,1992,70.379,17587060,7.674960783534783
Sri Lanka,Asia,1997,70.457,18698655,7.8877631661402665
Sri Lanka,Asia,2002,70.815,19576783,8.011480750687628
Sri Lanka,Asia,2007,72.396,20378239,8.286545405382396
Sudan,Africa,1952,38.635,8504667,7.387703749585776
Sudan,Africa,1957,39.624,9753392,7.478925244725132
Sudan,Africa,1962,40.87,11183227,7.580492469008187
Sudan,Africa,1967,42.858,12716129,7.431298277643077
Sudan,Africa,1972,45.083,14597019,7.414363687784394
Sudan,Africa,1977,47.8,17104986,7.697570091681862
Sudan,Africa,1982,50.338,20367053,7.547261186070939
Sudan,Africa,1987,51.744,24725960,7.3184196202892595
Sudan,Africa,1992,53.556,28227588,7.308004838397601
Sudan,Africa,1997,55.373,32160729,7.397690671793448
Sudan,Africa,2002,56.369,37090298,7.597596156741887
Sudan,Africa,2007,58.556,42292929,7.864187451932577
Swaziland,Africa,1952,41.407,290243,7.04610459450442
Swaziland,Africa,1957,43.424,326741,7.1266565356758464
Swaziland,Africa,1962,44.992,370006,7.526277036225904
Swaziland,Africa,1967,46.633,420690,7.868293172149886
Swaziland,Africa,1972,49.552,480105,8.121134689637175
Swaziland,Africa,1977,52.537,551425,8.237852398364613
Swaziland,Africa,1982,55.561,649901,8.267547545999479
Swaziland,Africa,1987,57.678,779348,8.290252392674834
Swaziland,Africa,1992,58.474,962344,8.175553900532535
Swaziland,Africa,1997,54.289,1054486,8.262757214453435
Swaziland,Africa,2002,43.869,1130269,8.325576635975251
Swaziland,Africa,2007,39.613,1133066,8.414823896039525
Sweden,Europe,1952,71.86,7124673,9.051091931183445
Sweden,Europe,1957,72.49,7363802,9.201489137721001
Sweden,Europe,1962,73.37,7561588,9.419745333171344
Sweden,Europe,1967,74.16,7867931,9.63287869769317
Sweden,Europe,1972,74.72,8122293,9.788751256850304
Sweden,Europe,1977,75.44,8251648,9.844571871429592
Sweden,Europe,1982,76.42,8325260,9.936311951374265
Sweden,Europe,1987,77.19,8421403,10.068447993093663
Sweden,Europe,1992,78.16,8718867,10.08079727228016
Sweden,Europe,1997,79.39,8897619,10.137238446150942
Sweden,Europe,2002,80.04,8954175,10.286762637404955
Sweden,Europe,2007,80.884,9031088,10.429982223586265
Switzerland,Europe,1952,69.62,4815000,9.597928823914517
Switzerland,Europe,1957,70.56,5126000,9.793086003861617
Switzerland,Europe,1962,71.32,5666000,9.924813171452367
Switzerland,Europe,1967,72.77,6063000,10.041776424388496
Switzerland,Europe,1972,73.78,6401400,10.210792568494865
Switzerland,Europe,1977,75.39,6316424,10.202936023118916
Switzerland,Europe,1982,76.21,6468126,10.254063967391613
Switzerland,Europe,1987,77.41,6649942,10.318299000220556
Switzerland,Europe,1992,78.03,6995447,10.36946842320244
Switzerland,Europe,1997,79.37,7193761,10.37771110941194
Switzerland,Europe,2002,80.62,7361757,10.448162500203953
Switzerland,Europe,2007,81.701,7554661,10.532267372509699
Syria,Asia,1952,45.883,3661549,7.404574481595142
Syria,Asia,1957,48.284,4149908,7.657866220577292
Syria,Asia,1962,50.305,4834621,7.693042680787075
Syria,Asia,1967,53.655,5680812,7.540049741213616
Syria,Asia,1972,57.296,6701172,7.85221472659843
Syria,Asia,1977,61.195,7932503,8.069494024168668
Syria,Asia,1982,64.59,9410494,8.232662870971975
Syria,Asia,1987,66.974,11242847,8.044553862965001
Syria,Asia,1992,69.249,13219062,8.113888578157397
Syria,Asia,1997,71.527,15081016,8.297603062212968
Syria,Asia,2002,73.053,17155814,8.316526465746207
Syria,Asia,2007,74.143,19314747,8.3391539935803909
Taiwan,Asia,1952,58.5,8550362,7.09585006606529
Taiwan,Asia,1957,62.4,10164215,7.3184475615786075
Taiwan,Asia,1962,65.2,11918938,7.508172413727509
Taiwan,Asia,1967,67.5,13648692,7.879994750602133
Taiwan,Asia,1972,69.39,15226039,8.309559708959153
Taiwan,Asia,1977,70.59,16785196,8.629900223894298
Taiwan,Asia,1982,72.16,18501390,8.912790408171672
Taiwan,Asia,1987,73.4,19757799,9.310598449810142
Taiwan,Asia,1992,74.26,20686918,9.630080301619703
Taiwan,Asia,1997,75.25,21628605,9.913775498668072
Taiwan,Asia,2002,76.99,22454239,10.053433259128045
Taiwan,Asia,2007,78.4,23174294,10.26528902275493
Tanzania,Africa,1952,41.215,8322925,6.57458767697621
Tanzania,Africa,1957,42.974,9452826,6.5489861542051875
Tanzania,Africa,1962,44.246,10863958,6.5820304121476205
Tanzania,Africa,1967,45.757,12607312,6.743138453379564
Tanzania,Africa,1972,47.62,14706593,6.820000053624075
Tanzania,Africa,1977,49.919,17129565,6.869526059064947
Tanzania,Africa,1982,50.608,19844382,6.7733579194021525
Tanzania,Africa,1987,51.535,23040630,6.723618571077705
Tanzania,Africa,1992,50.44,26605473,6.716210261348988
Tanzania,Africa,1997,48.466,30686889,6.671002317204401
Tanzania,Africa,2002,49.651,34593779,6.8013655795630115
Tanzania,Africa,2007,52.517,38139640,7.009844413302285
Thailand,Asia,1952,50.848,21289402,6.6304160909513525
Thailand,Asia,1957,53.63,25041917,6.676551096392306
Thailand,Asia,1962,56.061,29263397,6.909952036342884
Thailand,Asia,1967,58.285,34024249,7.166621632887287
Thailand,Asia,1972,60.405,39276153,7.3293292308252775
Thailand,Asia,1977,62.494,44148285,7.581324370885215
Thailand,Asia,1982,64.597,48827160,7.780394926983974
Thailand,Asia,1987,66.084,52910342,8.000568711067123
Thailand,Asia,1992,67.298,56667095,8.437478014848532
Thailand,Asia,1997,67.521,60216677,8.674645642449985
Thailand,Asia,2002,68.564,62806748,8.684940310014362
Thailand,Asia,2007,70.616,65068149,8.917095700517491
Togo,Africa,1952,38.596,1219113,6.756709872283188
Togo,Africa,1957,41.208,1357445,6.830775223481237
Togo,Africa,1962,43.922,1528098,6.973107353470419
Togo,Africa,1967,46.769,1735550,7.298172236137634
Togo,Africa,1972,49.759,2056351,7.408324599018033
Togo,Africa,1977,52.887,2308582,7.334836400579989
Togo,Africa,1982,55.471,2644765,7.203835453202606
Togo,Africa,1987,56.941,3154264,7.091909622695587
Togo,Africa,1992,58.061,3747553,6.9414790887293245
Togo,Africa,1997,58.39,4320890,6.8898834492820376
Togo,Africa,2002,57.561,4977378,6.786965877295205
Togo,Africa,2007,58.42,5701579,6.7832911612930324
Trinidad and Tobago,Americas,1952,59.1,662850,8.014094943760721
Trinidad and Tobago,Americas,1957,61.8,764900,8.318838199308887
Trinidad and Tobago,Americas,1962,64.9,887498,8.516697862961351
Trinidad and Tobago,Americas,1967,65.4,960155,8.634330413602209
Trinidad and Tobago,Americas,1972,65.9,975199,8.79778288515478
Trinidad and Tobago,Americas,1977,68.3,1039009,8.974561607622418
Trinidad and Tobago,Americas,1982,68.832,1116479,9.118173393903568
Trinidad and Tobago,Americas,1987,69.582,1191336,8.907693256155886
Trinidad and Tobago,Americas,1992,69.862,1183669,8.905307430961969
Trinidad and Tobago,Americas,1997,69.465,1138101,9.081662681174514
Trinidad and Tobago,Americas,2002,68.976,1101832,9.3466703649879
Trinidad and Tobago,Americas,2007,69.819,1056608,9.798599660729607
Tunisia,Africa,1952,44.6,3647735,7.291980156016817
Tunisia,Africa,1957,47.1,3950849,7.240816324099541
Tunisia,Africa,1962,49.579,4286552,7.414755521297405
Tunisia,Africa,1967,52.053,4786986,7.566497419240721
Tunisia,Africa,1972,55.602,5303507,7.920550384236635
Tunisia,Africa,1977,59.837,6005061,8.045869270488895
Tunisia,Africa,1982,64.048,6734098,8.177581320015761
Tunisia,Africa,1987,66.894,7724976,8.245494513509101
Tunisia,Africa,1992,70.001,8523077,8.373950837148023
Tunisia,Africa,1997,71.973,9231669,8.492244261849477
Tunisia,Africa,2002,73.042,9770575,8.652230189672556
Tunisia,Africa,2007,73.923,10276158,8.866852808894505
Turkey,Europe,1952,43.585,22235677,7.5853323622403
Turkey,Europe,1957,48.079,25670939,7.704701171869773
Turkey,Europe,1962,52.098,29788695,7.750558729480343
Turkey,Europe,1967,54.336,33411317,7.946743665342809
Turkey,Europe,1972,57.005,37492953,8.146331338931944
Turkey,Europe,1977,59.507,42404033,8.359163540833258
Turkey,Europe,1982,61.036,47328791,8.352638389524152
Turkey,Europe,1987,63.108,52881328,8.534845210949708
Turkey,Europe,1992,66.146,58179144,8.644415672066291
Turkey,Europe,1997,68.835,63047647,8.795041558336353
Turkey,Europe,2002,70.845,67308928,8.780800639426129
Turkey,Europe,2007,71.777,71158647,9.042900694727205
Uganda,Africa,1952,39.978,5824797,6.599535047036679
Uganda,Africa,1957,42.571,6675501,6.6520511762769
Uganda,Africa,1962,45.344,7688797,6.642841027800283
Uganda,Africa,1967,48.051,8900294,6.812255455066505
Uganda,Africa,1972,51.016,10190285,6.857236283695021
Uganda,Africa,1977,50.35,11457758,6.737836256446285
Uganda,Africa,1982,49.849,12939400,6.52541994354892
Uganda,Africa,1987,51.509,15283050,6.426042413820259
Uganda,Africa,1992,48.825,18252190,6.467963903519355
Uganda,Africa,1997,44.578,21210254,6.705099268641489
Uganda,Africa,2002,47.813,24739869,6.83273104297148
Uganda,Africa,2007,51.542,29170398,6.962603362563226
United Kingdom,Europe,1952,69.18,50430000,9.208289118293099
United Kingdom,Europe,1957,70.42,51430000,9.331068218528745
United Kingdom,Europe,1962,70.76,53292000,9.43165642002307
United Kingdom,Europe,1967,71.36,54959000,9.556964537940104
United Kingdom,Europe,1972,72.01,56079000,9.673767197004778
United Kingdom,Europe,1977,72.76,56179000,9.765876332149476
United Kingdom,Europe,1982,74.04,56339704,9.810956854989678
United Kingdom,Europe,1987,75.007,56981620,9.983443533525937
United Kingdom,Europe,1992,76.42,57866349,10.030344519277985
United Kingdom,Europe,1997,77.218,58808266,10.168714306936607
United Kingdom,Europe,2002,78.471,59912431,10.291433396948166
United Kingdom,Europe,2007,79.425,60776238,10.4104033814055
United States,Americas,1952,68.44,157553000,9.546132525965046
United States,Americas,1957,69.49,171984000,9.6055616655824
United States,Americas,1962,70.21,186538000,9.691107482814038
United States,Americas,1967,70.76,198712000,9.879725742077515
United States,Americas,1972,71.34,209896000,9.989942088435198
United States,Americas,1977,73.38,220239000,10.088830877935184
United States,Americas,1982,74.65,232187835,10.127013396367241
United States,Americas,1987,75.02,242803533,10.305090224699548
United States,Americas,1992,76.09,256894189,10.373614056732428
United States,Americas,1997,76.81,272911760,10.484793066468567
United States,Americas,2002,77.31,287675526,10.573803562915057
United States,Americas,2007,78.242,301139947,10.66783041537953
Uruguay,Americas,1952,66.071,2252965,8.65115867001181
Uruguay,Americas,1957,67.044,2424959,8.724333038918997
Uruguay,Americas,1962,68.253,2598466,8.631121289361014
Uruguay,Americas,1967,68.468,2748579,8.602383174340977
Uruguay,Americas,1972,68.673,2829526,8.648819327341347
Uruguay,Americas,1977,69.481,2873520,8.780224873572523
Uruguay,Americas,1982,70.805,2953997,8.842203280895717
Uruguay,Americas,1987,71.918,3045153,8.916291268801494
Uruguay,Americas,1992,72.752,3149262,9.004177427522096
Uruguay,Americas,1997,74.223,3262838,9.13024040603009
Uruguay,Americas,2002,75.307,3363085,8.95247622728388
Uruguay,Americas,2007,76.384,3447496,9.269690109944033
Venezuela,Americas,1952,55.088,5439568,8.947650023279008
Venezuela,Americas,1957,57.907,6702668,9.190389319317504
Venezuela,Americas,1962,60.77,8143375,9.0387182711137
Venezuela,Americas,1967,63.479,9709552,9.163403279548284
Venezuela,Americas,1972,65.712,11515649,9.259631330727073
Venezuela,Americas,1977,67.456,13503563,9.483716927969423
Venezuela,Americas,1982,68.557,15620766,9.31941090689372
Venezuela,Americas,1987,70.19,17910182,9.198630543562635
Venezuela,Americas,1992,71.15,20265563,9.281164687611662
Venezuela,Americas,1997,72.146,22374398,9.226754439091394
Venezuela,Americas,2002,72.766,24287670,9.060104267142684
Venezuela,Americas,2007,73.747,26084662,9.342754138163883
Vietnam,Asia,1952,40.412,26246839,6.405338355628243
Vietnam,Asia,1957,42.887,28998543,6.516615246975446
Vietnam,Asia,1962,45.363,33796140,6.649048227012898
Vietnam,Asia,1967,47.838,39463910,6.456963182684458
Vietnam,Asia,1972,50.254,44655014,6.550368144495912
Vietnam,Asia,1977,55.764,50533506,6.570234460230789
Vietnam,Asia,1982,58.816,56142181,6.561364112842929
Vietnam,Asia,1987,62.82,62826491,6.710278798124853
Vietnam,Asia,1992,67.662,69940728,6.896717737516639
Vietnam,Asia,1997,70.672,76048996,7.234102695735002
Vietnam,Asia,2002,73.017,80908147,7.47559809024944
Vietnam,Asia,2007,74.249,85262356,7.800399176888787
West Bank and Gaza,Asia,1952,43.16,1030585,7.3235616177698
West Bank and Gaza,Asia,1957,45.671,1070439,7.510467633961013
West Bank and Gaza,Asia,1962,48.127,1133134,7.695738123145036
West Bank and Gaza,Asia,1967,51.631,1142636,7.882207368668639
West Bank and Gaza,Asia,1972,56.532,1089572,8.049876916636691
West Bank and Gaza,Asia,1977,60.765,1261091,8.211437163022612
West Bank and Gaza,Asia,1982,64.406,1425876,8.37471494207735
West Bank and Gaza,Asia,1987,67.046,1691210,8.538406075597258
West Bank and Gaza,Asia,1992,69.718,2104779,8.702452886983368
West Bank and Gaza,Asia,1997,71.096,2826046,8.869351416982619
West Bank and Gaza,Asia,2002,72.37,3389578,8.415268450053805
West Bank and Gaza,Asia,2007,73.422,4018332,8.014781999482128
"Yemen, Rep.",Asia,1952,32.548,4963829,6.661493519430466
"Yemen, Rep.",Asia,1957,33.97,5498090,6.690631639956548
"Yemen, Rep.",Asia,1962,35.18,6120081,6.716138495834397
"Yemen, Rep.",Asia,1967,36.984,6740785,6.759768069902146
"Yemen, Rep.",Asia,1972,39.848,7407075,7.142864579126638
"Yemen, Rep.",Asia,1977,44.175,8403990,7.511942919022698
"Yemen, Rep.",Asia,1982,49.113,9657618,7.5896175285562135
"Yemen, Rep.",Asia,1987,52.922,11219340,7.586672460649771
"Yemen, Rep.",Asia,1992,55.599,13367997,7.53875929285103
"Yemen, Rep.",Asia,1997,58.02,15826497,7.657984118825365
"Yemen, Rep.",Asia,2002,60.308,18701257,7.711916336943752
"Yemen, Rep.",Asia,2007,62.698,22211743,7.732268343018254
Zambia,Africa,1952,42.038,2672000,7.045244057938765
Zambia,Africa,1957,44.077,3016000,7.179275016217178
Zambia,Africa,1962,46.023,3421000,7.281196909349893
Zambia,Africa,1967,47.768,3900000,7.482725337618906
Zambia,Africa,1972,50.107,4506497,7.480709295921684
Zambia,Africa,1977,51.386,5216550,7.370663985557544
Zambia,Africa,1982,51.821,6100407,7.250407355993754
Zambia,Africa,1987,50.821,7272406,7.101111657564247
Zambia,Africa,1992,46.1,8381163,7.099106473119055
Zambia,Africa,1997,40.238,9417789,6.976678378168391
Zambia,Africa,2002,39.193,10595811,6.976921144304792
Zambia,Africa,2007,42.384,11746035,7.147725734910312
Zimbabwe,Africa,1952,48.451,3080907,6.0085284146781195
Zimbabwe,Africa,1957,50.469,3646340,6.251449575937743
Zimbabwe,Africa,1962,52.358,4277736,6.267716889218364
Zimbabwe,Africa,1967,53.995,4995432,6.345276771973746
Zimbabwe,Africa,1972,55.635,5861135,6.683814129420996
Zimbabwe,Africa,1977,57.674,6642107,6.530276400523569
Zimbabwe,Africa,1982,60.363,7636524,6.670582579124827
Zimbabwe,Africa,1987,62.351,9216418,6.559838025563655
Zimbabwe,Africa,1992,60.377,10704340,6.54163700915007
Zimbabwe,Africa,1997,46.809,11404948,6.675129362180636
Zimbabwe,Africa,2002,39.989,11926563,6.51031581312752
Zimbabwe,Africa,2007,43.487,12311143,6.152113988664138
